expiry,T,type,strike,bid,ask,mid,spread,volume,openInterest,yf_iv,lastTradeDate,spot,snapshot,log_moneyness,F,q_eff,iv
2026-09-04,0.0136986301369863,C,770.0,3.91,3.94,3.925,0.029999999999999805,18104.0,4486,0.1081021807861328,2026-08-28 20:14:58+00:00,769.3499755859375,2026-08-30,0.0008445440777054266,769.7495539873423,0.002095727537530803,0.11269672805070877
2026-09-04,0.0136986301369863,C,771.0,3.38,3.41,3.395,0.03000000000000025,7467.0,1375,0.10617959259033202,2026-08-28 20:14:17+00:00,769.3499755859375,2026-08-30,0.0021424027933054967,769.7495539873423,0.002095727537530803,0.11095006531476974
2026-09-04,0.0136986301369863,C,772.0,2.9,2.93,2.915,0.03000000000000025,13243.0,9783,0.10450114257812498,2026-08-28 20:14:38+00:00,769.3499755859375,2026-08-30,0.00343857925475207,769.7495539873423,0.002095727537530803,0.10946203500032425
2026-09-04,0.0136986301369863,C,773.0,2.46,2.48,2.4699999999999998,0.020000000000000018,5018.0,1356,0.10254803710937499,2026-08-28 20:13:10+00:00,769.3499755859375,2026-08-30,0.004733077817397974,769.7495539873423,0.002095727537530803,0.10778152018785478
2026-09-04,0.0136986301369863,C,774.0,2.06,2.09,2.075,0.029999999999999805,4272.0,1687,0.10111372528076171,2026-08-28 20:14:21+00:00,769.3499755859375,2026-08-30,0.00602590281970302,769.7495539873423,0.002095727537530803,0.10633043736219408
2026-09-04,0.0136986301369863,C,775.0,1.71,1.73,1.72,0.020000000000000018,17189.0,3690,0.09937424072265624,2026-08-28 20:14:32+00:00,769.3499755859375,2026-08-30,0.007317058583323013,769.7495539873423,0.002095727537530803,0.10482095366716383
2026-09-04,0.0136986301369863,C,776.0,1.4,1.43,1.415,0.030000000000000027,3518.0,2685,0.09821458435058594,2026-08-28 20:13:36+00:00,769.3499755859375,2026-08-30,0.00860654941319466,769.7495539873423,0.002095727537530803,0.10361062544584274
2026-09-04,0.0136986301369863,C,777.0,1.14,1.16,1.15,0.020000000000000018,3367.0,1883,0.09681078979492189,2026-08-28 20:14:56+00:00,769.3499755859375,2026-08-30,0.009894379597623465,769.7495539873423,0.002095727537530803,0.10244379991292951
2026-09-04,0.0136986301369863,C,778.0,0.91,0.93,0.92,0.020000000000000018,30012.0,5762,0.0955290643310547,2026-08-28 20:13:50+00:00,769.3499755859375,2026-08-30,0.011180553408367518,769.7495539873423,0.002095727537530803,0.1012054631114006
2026-09-04,0.0136986301369863,C,779.0,0.72,0.74,0.73,0.020000000000000018,5910.0,1436,0.09449147705078126,2026-08-28 20:14:56+00:00,769.3499755859375,2026-08-30,0.012465075100724293,769.7495539873423,0.002095727537530803,0.1002108605504036
2026-09-04,0.0136986301369863,C,780.0,0.57,0.58,0.575,0.010000000000000009,15302.0,4927,0.09351492431640626,2026-08-28 20:14:31+00:00,769.3499755859375,2026-08-30,0.013747948913613342,769.7495539873423,0.002095727537530803,0.09944032663106916
2026-09-04,0.0136986301369863,C,781.0,0.44,0.45,0.445,0.010000000000000009,3081.0,1490,0.09253837158203124,2026-08-28 20:14:04+00:00,769.3499755859375,2026-08-30,0.015029179069662,769.7495539873423,0.002095727537530803,0.09856908100843428
2026-09-04,0.0136986301369863,C,782.0,0.34,0.35,0.345,0.009999999999999953,3346.0,1402,0.09205009521484375,2026-08-28 20:14:40+00:00,769.3499755859375,2026-08-30,0.01630876977528701,769.7495539873423,0.002095727537530803,0.09812034779787063
2026-09-04,0.0136986301369863,C,783.0,0.26,0.27,0.265,0.010000000000000009,3778.0,974,0.09168388793945312,2026-08-28 20:14:20+00:00,769.3499755859375,2026-08-30,0.01758672522077914,769.7495539873423,0.002095727537530803,0.09774550956487656
2026-09-04,0.0136986301369863,C,784.0,0.2,0.21,0.20500000000000002,0.009999999999999981,2944.0,999,0.09168388793945312,2026-08-28 20:13:43+00:00,769.3499755859375,2026-08-30,0.018863049580383782,769.7495539873423,0.002095727537530803,0.0977681547999382
2026-09-04,0.0136986301369863,C,785.0,0.15,0.16,0.155,0.010000000000000009,7724.0,5152,0.09156181884765624,2026-08-28 20:14:57+00:00,769.3499755859375,2026-08-30,0.020137747012384258,769.7495539873423,0.002095727537530803,0.09753574317693708
2026-09-04,0.0136986301369863,C,786.0,0.11,0.12,0.11499999999999999,0.009999999999999995,2309.0,806,0.0913176806640625,2026-08-28 20:13:09+00:00,769.3499755859375,2026-08-30,0.021410821659182483,769.7495539873423,0.002095727537530803,0.09717937868833543
2026-09-04,0.0136986301369863,C,787.0,0.09,0.1,0.095,0.010000000000000009,1373.0,1608,0.092782509765625,2026-08-28 20:13:10+00:00,769.3499755859375,2026-08-30,0.02268227764737906,769.7495539873423,0.002095727537530803,0.0987609695792198
2026-09-04,0.0136986301369863,C,788.0,0.07,0.08,0.07500000000000001,0.009999999999999995,2192.0,2243,0.09351492431640626,2026-08-28 20:13:18+00:00,769.3499755859375,2026-08-30,0.02395211908785507,769.7495539873423,0.002095727537530803,0.09960539847612382
2026-09-04,0.0136986301369863,C,789.0,0.06,0.07,0.065,0.010000000000000009,1147.0,1579,0.09571216796875001,2026-08-28 20:13:18+00:00,769.3499755859375,2026-08-30,0.025220350075850082,769.7495539873423,0.002095727537530803,0.10188720387220379
2026-09-04,0.0136986301369863,C,790.0,0.04,0.05,0.045,0.010000000000000002,14332.0,4956,0.09522389160156251,2026-08-28 20:13:18+00:00,769.3499755859375,2026-08-30,0.02648697469104313,769.7495539873423,0.002095727537530803,0.10086280494928358
2026-09-04,0.0136986301369863,C,791.0,0.04,0.05,0.045,0.010000000000000002,1057.0,4735,0.098641826171875,2026-08-28 20:13:18+00:00,769.3499755859375,2026-08-30,0.02775199699762972,769.7495539873423,0.002095727537530803,0.10507899016141892
2026-09-04,0.0136986301369863,P,718.0,0.07,0.08,0.07500000000000001,0.009999999999999995,7.0,1042,0.233406103515625,2026-08-28 19:05:39+00:00,769.3499755859375,2026-08-30,-0.06907640172179985,769.7495539873423,0.002095727537530803,0.2554677839875221
2026-09-04,0.0136986301369863,P,719.0,0.07,0.08,0.07500000000000001,0.009999999999999995,3.0,533,0.229499892578125,2026-08-28 13:30:47+00:00,769.3499755859375,2026-08-30,-0.06768461304897734,769.7495539873423,0.002095727537530803,0.250981047809124
2026-09-04,0.0136986301369863,P,720.0,0.07,0.08,0.07500000000000001,0.009999999999999995,451.0,4248,0.225593681640625,2026-08-28 20:14:10+00:00,769.3499755859375,2026-08-30,-0.06629475875992302,769.7495539873423,0.002095727537530803,0.246491927921772
2026-09-04,0.0136986301369863,P,721.0,0.08,0.09,0.08499999999999999,0.009999999999999995,1019.0,1130,0.22461712890624996,2026-08-28 20:04:58+00:00,769.3499755859375,2026-08-30,-0.06490683348507495,769.7495539873423,0.002095727537530803,0.2459692997336388
2026-09-04,0.0136986301369863,P,722.0,0.08,0.09,0.08499999999999999,0.009999999999999995,10.0,291,0.22071091796874998,2026-08-28 17:05:43+00:00,769.3499755859375,2026-08-30,-0.06352083187719779,769.7495539873423,0.002095727537530803,0.24141701155900952
2026-09-04,0.0136986301369863,P,723.0,0.08,0.09,0.08499999999999999,0.009999999999999995,68.0,4432,0.21631643066406248,2026-08-28 20:07:05+00:00,769.3499755859375,2026-08-30,-0.062136748611259326,769.7495539873423,0.002095727537530803,0.23686114782094952
2026-09-04,0.0136986301369863,P,724.0,0.08,0.09,0.08499999999999999,0.009999999999999995,7.0,556,0.21192194335937498,2026-08-28 17:46:14+00:00,769.3499755859375,2026-08-30,-0.060754578384307645,769.7495539873423,0.002095727537530803,0.23230230444669725
2026-09-04,0.0136986301369863,P,725.0,0.09,0.1,0.095,0.010000000000000009,1440.0,2455,0.21094539062499998,2026-08-28 20:14:15+00:00,769.3499755859375,2026-08-30,-0.05937431591534923,769.7495539873423,0.002095727537530803,0.23118792051076892
2026-09-04,0.0136986301369863,P,726.0,0.09,0.1,0.095,0.010000000000000009,12.0,1122,0.20655090332031245,2026-08-28 14:52:07+00:00,769.3499755859375,2026-08-30,-0.05799595594522804,769.7495539873423,0.002095727537530803,0.22656650477647783
2026-09-04,0.0136986301369863,P,727.0,0.09,0.1,0.095,0.010000000000000009,37.0,1778,0.20264469238281246,2026-08-28 19:52:53+00:00,769.3499755859375,2026-08-30,-0.05661949323650475,769.7495539873423,0.002095727537530803,0.22194151347875596
2026-09-04,0.0136986301369863,P,728.0,0.1,0.11,0.10500000000000001,0.009999999999999995,70.0,420,0.20069158691406247,2026-08-28 20:07:05+00:00,769.3499755859375,2026-08-30,-0.05524492257333815,769.7495539873423,0.002095727537530803,0.22037303298711775
2026-09-04,0.0136986301369863,P,729.0,0.1,0.11,0.10500000000000001,0.009999999999999995,79.0,738,0.19678537597656248,2026-08-28 18:55:41+00:00,769.3499755859375,2026-08-30,-0.053872238761365966,769.7495539873423,0.002095727537530803,0.2156872571110725
2026-09-04,0.0136986301369863,P,730.0,0.11,0.12,0.11499999999999999,0.009999999999999995,324.0,4852,0.1948322705078125,2026-08-28 20:13:37+00:00,769.3499755859375,2026-08-30,-0.0525014366275873,769.7495539873423,0.002095727537530803,0.21377552253007887
2026-09-04,0.0136986301369863,P,731.0,0.11,0.12,0.11499999999999999,0.009999999999999995,154.0,3879,0.19043778320312502,2026-08-28 20:14:58+00:00,769.3499755859375,2026-08-30,-0.0511325110202456,769.7495539873423,0.002095727537530803,0.20902955800294876
2026-09-04,0.0136986301369863,P,732.0,0.12,0.13,0.125,0.010000000000000009,165.0,1453,0.18824053955078124,2026-08-28 18:27:38+00:00,769.3499755859375,2026-08-30,-0.04976545680871255,769.7495539873423,0.002095727537530803,0.20681390053033827
2026-09-04,0.0136986301369863,P,733.0,0.12,0.13,0.125,0.010000000000000009,330.0,820,0.18384605224609374,2026-08-28 17:20:24+00:00,769.3499755859375,2026-08-30,-0.04840026888337261,769.7495539873423,0.002095727537530803,0.20200953513383862
2026-09-04,0.0136986301369863,P,734.0,0.13,0.14,0.135,0.010000000000000009,234.0,907,0.18164880859375,2026-08-28 19:39:18+00:00,769.3499755859375,2026-08-30,-0.04703694215550852,769.7495539873423,0.002095727537530803,0.19952034705877303
2026-09-04,0.0136986301369863,P,735.0,0.14,0.15,0.14500000000000002,0.009999999999999981,673.0,5339,0.17896328857421873,2026-08-28 20:14:35+00:00,769.3499755859375,2026-08-30,-0.045675471557187416,769.7495539873423,0.002095727537530803,0.1968315233588218
2026-09-04,0.0136986301369863,P,736.0,0.15,0.16,0.155,0.010000000000000009,200.0,991,0.17627776855468752,2026-08-28 19:00:47+00:00,769.3499755859375,2026-08-30,-0.04431585204114785,769.7495539873423,0.002095727537530803,0.19396034592390055
2026-09-04,0.0136986301369863,P,737.0,0.15,0.17,0.16,0.020000000000000018,189.0,705,0.1733481103515625,2026-08-28 19:55:55+00:00,769.3499755859375,2026-08-30,-0.04295807858068749,769.7495539873423,0.002095727537530803,0.1899682293534279
2026-09-04,0.0136986301369863,P,738.0,0.17,0.18,0.175,0.009999999999999981,671.0,1080,0.17041845214843754,2026-08-28 20:01:00+00:00,769.3499755859375,2026-08-30,-0.04160214616955159,769.7495539873423,0.002095727537530803,0.18772694700956344
2026-09-04,0.0136986301369863,P,739.0,0.18,0.19,0.185,0.010000000000000009,1712.0,714,0.16724465576171876,2026-08-28 19:58:31+00:00,769.3499755859375,2026-08-30,-0.04024804982182231,769.7495539873423,0.002095727537530803,0.18438677483797067
2026-09-04,0.0136986301369863,P,740.0,0.19,0.2,0.195,0.010000000000000009,1771.0,12280,0.16407085937500002,2026-08-28 20:12:34+00:00,769.3499755859375,2026-08-30,-0.038895784571808645,769.7495539873423,0.002095727537530803,0.18090834754705426
2026-09-04,0.0136986301369863,P,741.0,0.2,0.21,0.20500000000000002,0.009999999999999981,1083.0,810,0.1606529248046875,2026-08-28 19:34:21+00:00,769.3499755859375,2026-08-30,-0.03754534547393719,769.7495539873423,0.002095727537530803,0.1773000081181526
2026-09-04,0.0136986301369863,P,742.0,0.22,0.23,0.225,0.010000000000000009,1584.0,1814,0.15845568115234376,2026-08-28 20:10:54+00:00,769.3499755859375,2026-08-30,-0.03619672760264363,769.7495539873423,0.002095727537530803,0.17499913305044174
2026-09-04,0.0136986301369863,P,743.0,0.24,0.25,0.245,0.010000000000000009,838.0,838,0.15601429931640626,2026-08-28 20:07:39+00:00,769.3499755859375,2026-08-30,-0.034849926052264904,769.7495539873423,0.002095727537530803,0.17241102105379102
2026-09-04,0.0136986301369863,P,744.0,0.26,0.27,0.265,0.010000000000000009,1112.0,947,0.15332877929687502,2026-08-28 20:13:10+00:00,769.3499755859375,2026-08-30,-0.033504935936932205,769.7495539873423,0.002095727537530803,0.16956368070840838
2026-09-04,0.0136986301369863,P,745.0,0.28,0.29,0.28500000000000003,0.009999999999999953,3394.0,6027,0.1506432592773438,2026-08-28 20:13:28+00:00,769.3499755859375,2026-08-30,-0.03216175239046455,769.7495539873423,0.002095727537530803,0.16647856539487843
2026-09-04,0.0136986301369863,P,746.0,0.31,0.32,0.315,0.010000000000000009,1652.0,1652,0.148446015625,2026-08-28 20:14:10+00:00,769.3499755859375,2026-08-30,-0.030820370566263213,769.7495539873423,0.002095727537530803,0.1642509893774986
2026-09-04,0.0136986301369863,P,747.0,0.33,0.35,0.33999999999999997,0.019999999999999962,3956.0,16566,0.14600463378906248,2026-08-28 20:14:49+00:00,769.3499755859375,2026-08-30,-0.029480785637206755,769.7495539873423,0.002095727537530803,0.1611825600266456
2026-09-04,0.0136986301369863,P,748.0,0.37,0.38,0.375,0.010000000000000009,2484.0,948,0.14331911376953127,2026-08-28 20:14:49+00:00,769.3499755859375,2026-08-30,-0.028142992795546815,769.7495539873423,0.002095727537530803,0.15880063885450357
2026-09-04,0.0136986301369863,P,749.0,0.4,0.42,0.41000000000000003,0.019999999999999962,1584.0,823,0.14112187011718752,2026-08-28 20:14:49+00:00,769.3499755859375,2026-08-30,-0.026806987252804577,769.7495539873423,0.002095727537530803,0.15607010024785994
2026-09-04,0.0136986301369863,P,750.0,0.44,0.46,0.45,0.020000000000000018,11463.0,8915,0.13868048828125001,2026-08-28 20:14:52+00:00,769.3499755859375,2026-08-30,-0.025472764239667926,769.7495539873423,0.002095727537530803,0.1534247792363167
2026-09-04,0.0136986301369863,P,751.0,0.49,0.5,0.495,0.010000000000000009,1435.0,1512,0.13575083007812502,2026-08-28 20:14:50+00:00,769.3499755859375,2026-08-30,-0.024140319005889303,769.7495539873423,0.002095727537530803,0.15080985051393508
2026-09-04,0.0136986301369863,P,752.0,0.54,0.56,0.55,0.020000000000000018,2073.0,2509,0.13391979370117188,2026-08-28 20:13:10+00:00,769.3499755859375,2026-08-30,-0.022809646820184222,769.7495539873423,0.002095727537530803,0.14852446955442428
2026-09-04,0.0136986301369863,P,753.0,0.6,0.62,0.61,0.020000000000000018,5055.0,1214,0.13172255004882813,2026-08-28 20:13:09+00:00,769.3499755859375,2026-08-30,-0.021480742970130466,769.7495539873423,0.002095727537530803,0.1461330135464668
2026-09-04,0.0136986301369863,P,754.0,0.67,0.68,0.675,0.010000000000000009,3354.0,2607,0.12903703002929687,2026-08-28 20:14:23+00:00,769.3499755859375,2026-08-30,-0.020153602762067967,769.7495539873423,0.002095727537530803,0.1436086657643318
2026-09-04,0.0136986301369863,P,755.0,0.74,0.76,0.75,0.020000000000000018,5793.0,7228,0.12696185546875,2026-08-28 20:13:10+00:00,769.3499755859375,2026-08-30,-0.018828221520999333,769.7495539873423,0.002095727537530803,0.14120529121160508
2026-09-04,0.0136986301369863,P,756.0,0.83,0.85,0.84,0.020000000000000018,2747.0,1438,0.12488668090820312,2026-08-28 20:14:18+00:00,769.3499755859375,2026-08-30,-0.017504594590491036,769.7495539873423,0.002095727537530803,0.13910703140497205
2026-09-04,0.0136986301369863,P,757.0,0.93,0.95,0.94,0.019999999999999907,1344.0,1656,0.12281150634765625,2026-08-28 20:13:10+00:00,769.3499755859375,2026-08-30,-0.016182717332575255,769.7495539873423,0.002095727537530803,0.13695394629240032
2026-09-04,0.0136986301369863,P,758.0,1.04,1.06,1.05,0.020000000000000018,4512.0,1742,0.12067529724121094,2026-08-28 20:13:10+00:00,769.3499755859375,2026-08-30,-0.014862585127652372,769.7495539873423,0.002095727537530803,0.13469597798585892
2026-09-04,0.0136986301369863,P,759.0,1.17,1.19,1.18,0.020000000000000018,1859.0,975,0.11872219177246093,2026-08-28 20:13:18+00:00,769.3499755859375,2026-08-30,-0.0135441933743941,769.7495539873423,0.002095727537530803,0.1327145199179649
2026-09-04,0.0136986301369863,P,760.0,1.31,1.33,1.32,0.020000000000000018,27538.0,30152,0.11658598266601564,2026-08-28 20:14:36+00:00,769.3499755859375,2026-08-30,-0.01222753748964726,769.7495539873423,0.002095727537530803,0.13049767059087752
2026-09-04,0.0136986301369863,P,761.0,1.48,1.5,1.49,0.020000000000000018,4061.0,1897,0.11481598083496095,2026-08-28 20:13:16+00:00,769.3499755859375,2026-08-30,-0.010912612908338185,769.7495539873423,0.002095727537530803,0.128768289744854
2026-09-04,0.0136986301369863,P,762.0,1.66,1.68,1.67,0.020000000000000018,2488.0,4065,0.11274080627441406,2026-08-28 20:13:37+00:00,769.3499755859375,2026-08-30,-0.009599415083377744,769.7495539873423,0.002095727537530803,0.1266712217926979
2026-09-04,0.0136986301369863,P,763.0,1.87,1.89,1.88,0.019999999999999796,1814.0,4358,0.11090976989746093,2026-08-28 20:13:27+00:00,769.3499755859375,2026-08-30,-0.00828793948556701,769.7495539873423,0.002095727537530803,0.12486556226015089
2026-09-04,0.0136986301369863,P,764.0,2.1,2.13,2.115,0.029999999999999805,1463.0,2918,0.10926183715820312,2026-08-28 20:14:56+00:00,769.3499755859375,2026-08-30,-0.0069781816035035206,769.7495539873423,0.002095727537530803,0.12308076018095016
2026-09-04,0.0136986301369863,P,765.0,2.37,2.4,2.385,0.029999999999999805,32165.0,52483,0.10761390441894532,2026-08-28 20:14:54+00:00,769.3499755859375,2026-08-30,-0.005670136943488171,769.7495539873423,0.002095727537530803,0.12155339866876601
2026-09-04,0.0136986301369863,P,766.0,2.67,2.69,2.6799999999999997,0.020000000000000018,3127.0,2395,0.10572183349609374,2026-08-28 20:14:56+00:00,769.3499755859375,2026-08-30,-0.004363801029432819,769.7495539873423,0.002095727537530803,0.1198919535279274
2026-09-04,0.0136986301369863,P,767.0,3.0,3.03,3.0149999999999997,0.029999999999999805,1992.0,1451,0.10431803894042967,2026-08-28 20:14:16+00:00,769.3499755859375,2026-08-30,-0.0030591694027679284,769.7495539873423,0.002095727537530803,0.11847841411828995
2026-09-04,0.0136986301369863,P,768.0,3.36,3.39,3.375,0.03000000000000025,6438.0,3670,0.10248700256347655,2026-08-28 20:14:55+00:00,769.3499755859375,2026-08-30,-0.0017562376223519457,769.7495539873423,0.002095727537530803,0.116813989341259
2026-09-04,0.0136986301369863,P,769.0,3.77,3.8,3.785,0.029999999999999805,3621.0,953,0.10099165618896484,2026-08-28 20:14:54+00:00,769.3499755859375,2026-08-30,-0.00045500126438013493,769.7495539873423,0.002095727537530803,0.11555241137742996
2026-09-11,0.03287671232876712,C,770.0,6.06,6.1,6.08,0.040000000000000036,3698.0,1916,0.11075718353271484,2026-08-28 20:14:46+00:00,769.3499755859375,2026-08-30,0.0008445440777054266,770.1902500273792,0.006797424703136726,0.10757413750886918
2026-09-11,0.03287671232876712,C,771.0,5.5,5.54,5.52,0.040000000000000036,1753.0,1780,0.10917028533935547,2026-08-28 20:14:34+00:00,769.3499755859375,2026-08-30,0.0021424027933054967,770.1902500273792,0.006797424703136726,0.10626548129320144
2026-09-11,0.03287671232876712,C,772.0,4.97,5.01,4.99,0.040000000000000036,1442.0,1174,0.10761390441894532,2026-08-28 20:10:35+00:00,769.3499755859375,2026-08-30,0.00343857925475207,770.1902500273792,0.006797424703136726,0.10500747889280318
2026-09-11,0.03287671232876712,C,773.0,4.47,4.5,4.484999999999999,0.03000000000000025,1314.0,1160,0.10596597167968749,2026-08-28 20:14:58+00:00,769.3499755859375,2026-08-30,0.004733077817397974,770.1902500273792,0.006797424703136726,0.10369524711370466
2026-09-11,0.03287671232876712,C,774.0,4.0,4.03,4.015000000000001,0.03000000000000025,1311.0,1183,0.10453165985107421,2026-08-28 20:08:45+00:00,769.3499755859375,2026-08-30,0.00602590281970302,770.1902500273792,0.006797424703136726,0.10250041300058362
2026-09-11,0.03287671232876712,C,775.0,3.56,3.59,3.575,0.029999999999999805,2819.0,2974,0.10312786529541014,2026-08-28 20:14:50+00:00,769.3499755859375,2026-08-30,0.007317058583323013,770.1902500273792,0.006797424703136726,0.10132405263185501
2026-09-11,0.03287671232876712,C,776.0,3.15,3.18,3.165,0.03000000000000025,587.0,2104,0.10175458801269531,2026-08-28 20:12:44+00:00,769.3499755859375,2026-08-30,0.00860654941319466,770.1902500273792,0.006797424703136726,0.10016259044408798
2026-09-11,0.03287671232876712,C,777.0,2.77,2.8,2.785,0.029999999999999805,1000.0,1122,0.10041182800292968,2026-08-28 20:07:50+00:00,769.3499755859375,2026-08-30,0.009894379597623465,770.1902500273792,0.006797424703136726,0.09901304680109024
2026-09-11,0.03287671232876712,C,778.0,2.43,2.46,2.4450000000000003,0.029999999999999805,900.0,1186,0.0993132061767578,2026-08-28 20:08:54+00:00,769.3499755859375,2026-08-30,0.011180553408367518,770.1902500273792,0.006797424703136726,0.09808876365423201
2026-09-11,0.03287671232876712,C,779.0,2.11,2.14,2.125,0.03000000000000025,725.0,1704,0.09803148071289064,2026-08-28 20:11:07+00:00,769.3499755859375,2026-08-30,0.012465075100724293,770.1902500273792,0.006797424703136726,0.09698689419031141
2026-09-11,0.03287671232876712,C,780.0,1.83,1.86,1.8450000000000002,0.030000000000000027,9197.0,3515,0.09705492797851564,2026-08-28 20:14:58+00:00,769.3499755859375,2026-08-30,0.013747948913613342,770.1902500273792,0.006797424703136726,0.0961561716198921
2026-09-11,0.03287671232876712,C,781.0,1.57,1.6,1.585,0.030000000000000027,567.0,1228,0.09595630615234377,2026-08-28 19:54:40+00:00,769.3499755859375,2026-08-30,0.015029179069662,770.1902500273792,0.006797424703136726,0.09517050796747206
2026-09-11,0.03287671232876712,C,782.0,1.35,1.37,1.36,0.020000000000000018,1019.0,909,0.09491871887207033,2026-08-28 20:01:26+00:00,769.3499755859375,2026-08-30,0.01630876977528701,770.1902500273792,0.006797424703136726,0.09441844779253006
2026-09-11,0.03287671232876712,C,783.0,1.15,1.17,1.16,0.020000000000000018,566.0,1326,0.0940947525024414,2026-08-28 20:12:14+00:00,769.3499755859375,2026-08-30,0.01758672522077914,770.1902500273792,0.006797424703136726,0.09370095139741896
2026-09-11,0.03287671232876712,C,784.0,0.97,0.99,0.98,0.020000000000000018,180.0,713,0.09320975158691407,2026-08-28 19:59:39+00:00,769.3499755859375,2026-08-30,0.018863049580383782,770.1902500273792,0.006797424703136726,0.09291015595197678
2026-09-11,0.03287671232876712,C,785.0,0.82,0.84,0.83,0.020000000000000018,1897.0,2051,0.09259940612792968,2026-08-28 20:12:48+00:00,769.3499755859375,2026-08-30,0.020137747012384258,770.1902500273792,0.006797424703136726,0.09241255670785904
2026-09-11,0.03287671232876712,C,786.0,0.68,0.71,0.6950000000000001,0.029999999999999916,542.0,1658,0.09205009521484375,2026-08-28 19:54:40+00:00,769.3499755859375,2026-08-30,0.021410821659182483,770.1902500273792,0.006797424703136726,0.09178921681642532
2026-09-11,0.03287671232876712,C,787.0,0.57,0.59,0.58,0.020000000000000018,317.0,905,0.0913176806640625,2026-08-28 20:08:46+00:00,769.3499755859375,2026-08-30,0.02268227764737906,770.1902500273792,0.006797424703136726,0.09126837641000747
2026-09-11,0.03287671232876712,C,788.0,0.48,0.5,0.49,0.020000000000000018,271.0,731,0.09119561157226563,2026-08-28 19:58:47+00:00,769.3499755859375,2026-08-30,0.02395211908785507,770.1902500273792,0.006797424703136726,0.09118673437833785
2026-09-11,0.03287671232876712,C,789.0,0.4,0.41,0.405,0.009999999999999953,675.0,726,0.09046319702148437,2026-08-28 19:59:06+00:00,769.3499755859375,2026-08-30,0.025220350075850082,770.1902500273792,0.006797424703136726,0.09074217265844346
2026-09-11,0.03287671232876712,C,790.0,0.33,0.35,0.33999999999999997,0.019999999999999962,2307.0,1709,0.09064630065917968,2026-08-28 20:04:45+00:00,769.3499755859375,2026-08-30,0.02648697469104313,770.1902500273792,0.006797424703136726,0.0907463441491127
2026-09-11,0.03287671232876712,C,791.0,0.28,0.29,0.28500000000000003,0.009999999999999953,669.0,818,0.0903411279296875,2026-08-28 20:07:48+00:00,769.3499755859375,2026-08-30,0.02775199699762972,770.1902500273792,0.006797424703136726,0.09080414909124375
2026-09-11,0.03287671232876712,C,792.0,0.23,0.24,0.235,0.009999999999999981,4638.0,839,0.09009698974609376,2026-08-28 20:07:30+00:00,769.3499755859375,2026-08-30,0.02901542104440181,770.1902500273792,0.006797424703136726,0.09064324873685839
2026-09-11,0.03287671232876712,C,793.0,0.19,0.21,0.2,0.01999999999999999,549.0,706,0.09095147338867188,2026-08-28 19:42:23+00:00,769.3499755859375,2026-08-30,0.030277250864823836,770.1902500273792,0.006797424703136726,0.09110449641942978
2026-09-11,0.03287671232876712,C,794.0,0.16,0.17,0.165,0.010000000000000009,1013.0,320,0.09058526611328124,2026-08-28 18:49:22+00:00,769.3499755859375,2026-08-30,0.031537490477111685,770.1902500273792,0.006797424703136726,0.09109317380189894
2026-09-11,0.03287671232876712,C,795.0,0.14,0.15,0.14500000000000002,0.009999999999999981,662.0,1658,0.09156181884765624,2026-08-28 20:07:13+00:00,769.3499755859375,2026-08-30,0.03279614388430776,770.1902500273792,0.006797424703136726,0.09212055236101148
2026-09-11,0.03287671232876712,C,796.0,0.12,0.13,0.125,0.010000000000000009,1035.0,863,0.0922942333984375,2026-08-28 19:21:19+00:00,769.3499755859375,2026-08-30,0.03405321507435898,770.1902500273792,0.006797424703136726,0.09284460395574569
2026-09-11,0.03287671232876712,C,797.0,0.1,0.11,0.10500000000000001,0.009999999999999995,483.0,312,0.09253837158203124,2026-08-28 20:08:46+00:00,769.3499755859375,2026-08-30,0.0353087080201909,770.1902500273792,0.006797424703136726,0.0931973928809166
2026-09-11,0.03287671232876712,C,798.0,0.09,0.1,0.095,0.010000000000000009,2063.0,1997,0.09400320068359375,2026-08-28 17:22:49+00:00,769.3499755859375,2026-08-30,0.036562626679784736,770.1902500273792,0.006797424703136726,0.094619871199131
2026-09-11,0.03287671232876712,C,799.0,0.08,0.09,0.08499999999999999,0.009999999999999995,547.0,1069,0.09522389160156251,2026-08-28 20:06:27+00:00,769.3499755859375,2026-08-30,0.037814974996250535,770.1902500273792,0.006797424703136726,0.09585880392789839
2026-09-11,0.03287671232876712,C,800.0,0.07,0.08,0.07500000000000001,0.009999999999999995,2742.0,2801,0.09620044433593751,2026-08-28 20:06:54+00:00,769.3499755859375,2026-08-30,0.03906575689790327,770.1902500273792,0.006797424703136726,0.09688379877805708
2026-09-11,0.03287671232876712,C,801.0,0.06,0.07,0.065,0.010000000000000009,498.0,949,0.0971769970703125,2026-08-28 19:30:43+00:00,769.3499755859375,2026-08-30,0.040314976298335095,770.1902500273792,0.006797424703136726,0.09765433269739147
2026-09-11,0.03287671232876712,C,802.0,0.06,0.07,0.065,0.010000000000000009,366.0,416,0.09961837890625,2026-08-28 18:14:32+00:00,769.3499755859375,2026-08-30,0.041562637096490475,770.1902500273792,0.006797424703136726,0.10032408672571182
2026-09-11,0.03287671232876712,C,803.0,0.05,0.06,0.055,0.009999999999999995,82.0,789,0.1001066552734375,2026-08-28 18:14:01+00:00,769.3499755859375,2026-08-30,0.04280874317673755,770.1902500273792,0.006797424703136726,0.10072454982995986
2026-09-11,0.03287671232876712,C,804.0,0.05,0.06,0.055,0.009999999999999995,966.0,988,0.10254803710937499,2026-08-28 18:29:20+00:00,769.3499755859375,2026-08-30,0.04405329840894236,770.1902500273792,0.006797424703136726,0.10332458037137984
2026-09-11,0.03287671232876712,C,805.0,0.04,0.05,0.045,0.010000000000000002,463.0,358,0.10254803710937499,2026-08-28 19:42:41+00:00,769.3499755859375,2026-08-30,0.04529630664853925,770.1902500273792,0.006797424703136726,0.10325426095724105
2026-09-11,0.03287671232876712,C,806.0,0.04,0.05,0.045,0.010000000000000002,283.0,124,0.1049894189453125,2026-08-28 18:32:38+00:00,769.3499755859375,2026-08-30,0.04653777173660428,770.1902500273792,0.006797424703136726,0.10578158837556839
2026-09-11,0.03287671232876712,C,807.0,0.04,0.05,0.045,0.010000000000000002,150.0,1092,0.10743080078125,2026-08-28 17:24:55+00:00,769.3499755859375,2026-08-30,0.047777697499924686,770.1902500273792,0.006797424703136726,0.10829878503084181
2026-09-11,0.03287671232876712,C,808.0,0.04,0.05,0.045,0.010000000000000002,23.0,176,0.1098721826171875,2026-08-28 18:34:57+00:00,769.3499755859375,2026-08-30,0.04901608775107138,770.1902500273792,0.006797424703136726,0.11080585092306136
2026-09-11,0.03287671232876712,P,691.0,0.15,0.16,0.155,0.010000000000000009,10.0,245,0.25586681640625003,2026-08-28 16:38:52+00:00,769.3499755859375,2026-08-30,-0.10740614700235422,770.1902500273792,0.006797424703136726,0.2674202966094016
2026-09-11,0.03287671232876712,P,692.0,0.16,0.17,0.165,0.010000000000000009,5.0,164,0.25489026367187506,2026-08-28 19:29:34+00:00,769.3499755859375,2026-08-30,-0.10596001515235455,770.1902500273792,0.006797424703136726,0.26655798989534374
2026-09-11,0.03287671232876712,P,693.0,0.16,0.17,0.165,0.010000000000000009,17.0,268,0.25196060546875,2026-08-28 18:42:44+00:00,769.3499755859375,2026-08-30,-0.10451597158012088,770.1902500273792,0.006797424703136726,0.26342400854825965
2026-09-11,0.03287671232876712,P,694.0,0.16,0.17,0.165,0.010000000000000009,6.0,6717,0.24878680908203127,2026-08-28 19:59:21+00:00,769.3499755859375,2026-08-30,-0.1030740102632196,770.1902500273792,0.006797424703136726,0.26029121905565256
2026-09-11,0.03287671232876712,P,695.0,0.17,0.18,0.175,0.009999999999999981,16.0,455,0.24781025634765624,2026-08-28 18:23:50+00:00,769.3499755859375,2026-08-30,-0.10163412520523196,770.1902500273792,0.006797424703136726,0.25925966900587083
2026-09-11,0.03287671232876712,P,696.0,0.17,0.18,0.175,0.009999999999999981,12.0,89,0.24463645996093752,2026-08-28 16:24:04+00:00,769.3499755859375,2026-08-30,-0.10019631043560445,770.1902500273792,0.006797424703136726,0.2561072139143944
2026-09-11,0.03287671232876712,P,697.0,0.17,0.18,0.175,0.009999999999999981,14.0,320,0.2417068017578125,2026-08-28 19:45:18+00:00,769.3499755859375,2026-08-30,-0.0987605600095002,770.1902500273792,0.006797424703136726,0.2529553547501563
2026-09-11,0.03287671232876712,P,698.0,0.18,0.19,0.185,0.010000000000000009,1.0,86,0.24048611083984373,2026-08-28 14:42:38+00:00,769.3499755859375,2026-08-30,-0.09732686800765161,770.1902500273792,0.006797424703136726,0.25176826769113547
2026-09-11,0.03287671232876712,P,699.0,0.18,0.19,0.185,0.010000000000000009,5.0,2472,0.23731231445312498,2026-08-28 19:36:10+00:00,769.3499755859375,2026-08-30,-0.09589522853621384,770.1902500273792,0.006797424703136726,0.24859733885526658
2026-09-11,0.03287671232876712,P,700.0,0.18,0.19,0.185,0.010000000000000009,663.0,1328,0.23438265625,2026-08-28 20:07:59+00:00,769.3499755859375,2026-08-30,-0.09446563572661941,770.1902500273792,0.006797424703136726,0.24542581409215924
2026-09-11,0.03287671232876712,P,701.0,0.19,0.2,0.195,0.010000000000000009,388.0,195,0.2329178271484375,2026-08-28 19:57:51+00:00,769.3499755859375,2026-08-30,-0.09303808373543399,770.1902500273792,0.006797424703136726,0.2440945126414299
2026-09-11,0.03287671232876712,P,702.0,0.19,0.2,0.195,0.010000000000000009,13.0,366,0.2299881689453125,2026-08-28 19:56:58+00:00,769.3499755859375,2026-08-30,-0.09161256674421296,770.1902500273792,0.006797424703136726,0.24090451413393021
2026-09-11,0.03287671232876712,P,703.0,0.2,0.21,0.20500000000000002,0.009999999999999981,1.0,311,0.22852333984375,2026-08-28 19:57:48+00:00,769.3499755859375,2026-08-30,-0.09018907895935917,770.1902500273792,0.006797424703136726,0.2394570068717003
2026-09-11,0.03287671232876712,P,704.0,0.2,0.21,0.20500000000000002,0.009999999999999981,4.0,68,0.22534954345703123,2026-08-28 20:08:25+00:00,769.3499755859375,2026-08-30,-0.08876761461198167,770.1902500273792,0.006797424703136726,0.23624793869256977
2026-09-11,0.03287671232876712,P,705.0,0.21,0.22,0.215,0.010000000000000009,52.0,1137,0.2238847143554687,2026-08-28 19:21:45+00:00,769.3499755859375,2026-08-30,-0.08734816795775542,770.1902500273792,0.006797424703136726,0.2346919726729393
2026-09-11,0.03287671232876712,P,706.0,0.21,0.22,0.215,0.010000000000000009,191.0,136,0.22071091796874998,2026-08-28 19:56:54+00:00,769.3499755859375,2026-08-30,-0.085930733276782,770.1902500273792,0.006797424703136726,0.23146383482217786
2026-09-11,0.03287671232876712,P,707.0,0.22,0.23,0.225,0.010000000000000009,25.0,263,0.2192460888671875,2026-08-28 19:41:50+00:00,769.3499755859375,2026-08-30,-0.08451530487345131,770.1902500273792,0.006797424703136726,0.22980596524477004
2026-09-11,0.03287671232876712,P,708.0,0.22,0.23,0.225,0.010000000000000009,1.0,137,0.21607229248046872,2026-08-28 18:12:37+00:00,769.3499755859375,2026-08-30,-0.0831018770763043,770.1902500273792,0.006797424703136726,0.22655935364961627
2026-09-11,0.03287671232876712,P,709.0,0.23,0.24,0.235,0.009999999999999981,72.0,184,0.21436332519531248,2026-08-28 19:47:04+00:00,769.3499755859375,2026-08-30,-0.08169044423789655,770.1902500273792,0.006797424703136726,0.2248055397868156
2026-09-11,0.03287671232876712,P,710.0,0.23,0.24,0.235,0.009999999999999981,269.0,1172,0.2111895288085937,2026-08-28 20:06:54+00:00,769.3499755859375,2026-08-30,-0.08028100073466295,770.1902500273792,0.006797424703136726,0.22153985852003094
2026-09-11,0.03287671232876712,P,711.0,0.24,0.25,0.245,0.010000000000000009,12.0,824,0.2092364233398437,2026-08-28 19:27:34+00:00,769.3499755859375,2026-08-30,-0.07887354096678317,770.1902500273792,0.006797424703136726,0.21969486778974529
2026-09-11,0.03287671232876712,P,712.0,0.24,0.25,0.245,0.010000000000000009,12.0,180,0.20606262695312497,2026-08-28 18:18:28+00:00,769.3499755859375,2026-08-30,-0.07746805935804828,770.1902500273792,0.006797424703136726,0.21641011685132977
2026-09-11,0.03287671232876712,P,713.0,0.25,0.26,0.255,0.010000000000000009,4.0,618,0.20410952148437497,2026-08-28 19:21:50+00:00,769.3499755859375,2026-08-30,-0.07606455035572811,770.1902500273792,0.006797424703136726,0.2144781207442284
2026-09-11,0.03287671232876712,P,714.0,0.26,0.27,0.265,0.010000000000000009,6.0,162,0.20215641601562498,2026-08-27 19:55:08+00:00,769.3499755859375,2026-08-30,-0.07466300843043966,770.1902500273792,0.006797424703136726,0.21247997671365737
2026-09-11,0.03287671232876712,P,715.0,0.26,0.27,0.265,0.010000000000000009,201.0,2151,0.19898261962890623,2026-08-28 19:47:48+00:00,769.3499755859375,2026-08-30,-0.07326342807601638,770.1902500273792,0.006797424703136726,0.20915827828645706
2026-09-11,0.03287671232876712,P,716.0,0.27,0.28,0.275,0.010000000000000009,21.0,1050,0.19702951416015624,2026-08-28 19:51:37+00:00,769.3499755859375,2026-08-30,-0.07186580380937842,770.1902500273792,0.006797424703136726,0.20708028000593182
2026-09-11,0.03287671232876712,P,717.0,0.28,0.29,0.28500000000000003,0.009999999999999953,51.0,4134,0.1948322705078125,2026-08-28 19:29:54+00:00,769.3499755859375,2026-08-30,-0.07047013017040367,770.1902500273792,0.006797424703136726,0.2049420930743217
2026-09-11,0.03287671232876712,P,718.0,0.29,0.3,0.295,0.010000000000000009,32.0,315,0.1928791650390625,2026-08-28 18:52:44+00:00,769.3499755859375,2026-08-30,-0.06907640172179985,770.1902500273792,0.006797424703136726,0.202746697127819
2026-09-11,0.03287671232876712,P,719.0,0.3,0.31,0.305,0.010000000000000009,92.0,531,0.19068192138671874,2026-08-28 17:25:50+00:00,769.3499755859375,2026-08-30,-0.06768461304897734,770.1902500273792,0.006797424703136726,0.2004964758753776
2026-09-11,0.03287671232876712,P,720.0,0.31,0.32,0.315,0.010000000000000009,490.0,5744,0.18836260864257812,2026-08-28 19:47:57+00:00,769.3499755859375,2026-08-30,-0.06629475875992302,770.1902500273792,0.006797424703136726,0.19819262117147446
2026-09-11,0.03287671232876712,P,721.0,0.32,0.33,0.325,0.010000000000000009,60.0,555,0.1860432958984375,2026-08-28 18:47:42+00:00,769.3499755859375,2026-08-30,-0.06490683348507495,770.1902500273792,0.006797424703136726,0.19583751672506333
2026-09-11,0.03287671232876712,P,722.0,0.33,0.34,0.335,0.010000000000000009,165.0,614,0.18372398315429686,2026-08-28 17:02:08+00:00,769.3499755859375,2026-08-30,-0.06352083187719779,770.1902500273792,0.006797424703136726,0.19343235439062118
2026-09-11,0.03287671232876712,P,723.0,0.34,0.35,0.345,0.009999999999999953,98.0,698,0.18140467041015623,2026-08-28 16:18:42+00:00,769.3499755859375,2026-08-30,-0.062136748611259326,770.1902500273792,0.006797424703136726,0.19097892194986338
2026-09-11,0.03287671232876712,P,724.0,0.35,0.36,0.355,0.010000000000000009,48.0,908,0.17896328857421873,2026-08-28 20:14:58+00:00,769.3499755859375,2026-08-30,-0.060754578384307645,770.1902500273792,0.006797424703136726,0.18847841125726705
2026-09-11,0.03287671232876712,P,725.0,0.37,0.38,0.375,0.010000000000000009,526.0,1763,0.1772543212890625,2026-08-28 19:29:02+00:00,769.3499755859375,2026-08-30,-0.05937431591534923,770.1902500273792,0.006797424703136726,0.18685033804178236
2026-09-11,0.03287671232876712,P,726.0,0.38,0.39,0.385,0.010000000000000009,1015.0,1348,0.174812939453125,2026-08-28 20:14:44+00:00,769.3499755859375,2026-08-30,-0.05799595594522804,770.1902500273792,0.006797424703136726,0.1842324296832084
2026-09-11,0.03287671232876712,P,727.0,0.39,0.41,0.4,0.019999999999999962,22.0,950,0.1729819030761719,2026-08-28 19:23:58+00:00,769.3499755859375,2026-08-30,-0.05661949323650475,770.1902500273792,0.006797424703136726,0.18200068217515947
2026-09-11,0.03287671232876712,P,728.0,0.41,0.42,0.415,0.010000000000000009,30.0,1183,0.17029638305664066,2026-08-28 19:49:45+00:00,769.3499755859375,2026-08-30,-0.05524492257333815,770.1902500273792,0.006797424703136726,0.1796992111802101
2026-09-11,0.03287671232876712,P,729.0,0.43,0.44,0.435,0.010000000000000009,261.0,2070,0.16834327758789067,2026-08-28 19:45:42+00:00,769.3499755859375,2026-08-30,-0.053872238761365966,770.1902500273792,0.006797424703136726,0.17772847980260853
2026-09-11,0.03287671232876712,P,730.0,0.45,0.46,0.455,0.010000000000000009,1250.0,4786,0.16639017211914067,2026-08-28 20:06:54+00:00,769.3499755859375,2026-08-30,-0.0525014366275873,770.1902500273792,0.006797424703136726,0.1756653797030449
2026-09-11,0.03287671232876712,P,731.0,0.47,0.48,0.475,0.010000000000000009,170.0,757,0.1641929284667969,2026-08-28 19:53:56+00:00,769.3499755859375,2026-08-30,-0.0511325110202456,770.1902500273792,0.006797424703136726,0.17351289051771157
2026-09-11,0.03287671232876712,P,732.0,0.49,0.5,0.495,0.010000000000000009,7894.0,878,0.16211775390625,2026-08-28 19:39:21+00:00,769.3499755859375,2026-08-30,-0.04976545680871255,770.1902500273792,0.006797424703136726,0.17127577966451646
2026-09-11,0.03287671232876712,P,733.0,0.51,0.53,0.52,0.020000000000000018,256.0,1955,0.16040878662109376,2026-08-28 19:20:25+00:00,769.3499755859375,2026-08-30,-0.04840026888337261,770.1902500273792,0.006797424703136726,0.16929670530557633
2026-09-11,0.03287671232876712,P,734.0,0.54,0.55,0.545,0.010000000000000009,454.0,2474,0.15808947387695313,2026-08-28 19:25:58+00:00,769.3499755859375,2026-08-30,-0.04703694215550852,770.1902500273792,0.006797424703136726,0.16721334367990492
2026-09-11,0.03287671232876712,P,735.0,0.57,0.58,0.575,0.010000000000000009,2023.0,2880,0.1562584375,2026-08-28 20:12:26+00:00,769.3499755859375,2026-08-30,-0.045675471557187416,770.1902500273792,0.006797424703136726,0.16534213215112686
2026-09-11,0.03287671232876712,P,736.0,0.6,0.61,0.605,0.010000000000000009,1692.0,1793,0.15430533203125002,2026-08-28 20:07:30+00:00,769.3499755859375,2026-08-30,-0.04431585204114785,770.1902500273792,0.006797424703136726,0.1633517351746559
2026-09-11,0.03287671232876712,P,737.0,0.63,0.65,0.64,0.020000000000000018,45.0,642,0.15271843383789066,2026-08-28 20:12:50+00:00,769.3499755859375,2026-08-30,-0.04295807858068749,770.1902500273792,0.006797424703136726,0.16153356117010115
2026-09-11,0.03287671232876712,P,738.0,0.67,0.68,0.675,0.010000000000000009,335.0,1110,0.1505211901855469,2026-08-28 19:57:53+00:00,769.3499755859375,2026-08-30,-0.04160214616955159,770.1902500273792,0.006797424703136726,0.15958368724584576
2026-09-11,0.03287671232876712,P,739.0,0.7,0.72,0.71,0.020000000000000018,373.0,1102,0.1487511883544922,2026-08-28 19:56:51+00:00,769.3499755859375,2026-08-30,-0.04024804982182231,770.1902500273792,0.006797424703136726,0.1575092645287514
2026-09-11,0.03287671232876712,P,740.0,0.74,0.76,0.75,0.020000000000000018,2369.0,35231,0.14685911743164062,2026-08-28 20:13:38+00:00,769.3499755859375,2026-08-30,-0.038895784571808645,770.1902500273792,0.006797424703136726,0.15556773358583453
2026-09-11,0.03287671232876712,P,741.0,0.79,0.81,0.8,0.020000000000000018,313.0,1193,0.1452111846923828,2026-08-28 20:07:30+00:00,769.3499755859375,2026-08-30,-0.03754534547393719,770.1902500273792,0.006797424703136726,0.15397124451398847
2026-09-11,0.03287671232876712,P,742.0,0.84,0.86,0.85,0.020000000000000018,239.0,972,0.14344118286132812,2026-08-28 19:59:25+00:00,769.3499755859375,2026-08-30,-0.03619672760264363,770.1902500273792,0.006797424703136726,0.15220670396089553
2026-09-11,0.03287671232876712,P,743.0,0.89,0.91,0.9,0.020000000000000018,99.0,582,0.14154911193847658,2026-08-28 19:57:05+00:00,769.3499755859375,2026-08-30,-0.034849926052264904,770.1902500273792,0.006797424703136726,0.1502842426896095
2026-09-11,0.03287671232876712,P,744.0,0.95,0.97,0.96,0.020000000000000018,259.0,2778,0.13990117919921874,2026-08-28 19:56:09+00:00,769.3499755859375,2026-08-30,-0.033504935936932205,770.1902500273792,0.006797424703136726,0.14862994867563245
2026-09-11,0.03287671232876712,P,745.0,1.01,1.03,1.02,0.020000000000000018,667.0,3156,0.13807014282226562,2026-08-28 20:14:22+00:00,769.3499755859375,2026-08-30,-0.03216175239046455,770.1902500273792,0.006797424703136726,0.14679747241735452
2026-09-11,0.03287671232876712,P,746.0,1.07,1.1,1.085,0.030000000000000027,577.0,581,0.1364222100830078,2026-08-28 20:04:30+00:00,769.3499755859375,2026-08-30,-0.030820370566263213,770.1902500273792,0.006797424703136726,0.14498764139413828
2026-09-11,0.03287671232876712,P,747.0,1.14,1.17,1.1549999999999998,0.030000000000000027,138.0,1094,0.13459117370605472,2026-08-28 19:54:40+00:00,769.3499755859375,2026-08-30,-0.029480785637206755,770.1902500273792,0.006797424703136726,0.14318496149778365
2026-09-11,0.03287671232876712,P,748.0,1.22,1.24,1.23,0.020000000000000018,396.0,4256,0.13257703369140628,2026-08-28 20:06:25+00:00,769.3499755859375,2026-08-30,-0.028142992795546815,770.1902500273792,0.006797424703136726,0.14137393862009046
2026-09-11,0.03287671232876712,P,749.0,1.31,1.33,1.32,0.020000000000000018,119.0,1589,0.1310511700439453,2026-08-28 19:54:23+00:00,769.3499755859375,2026-08-30,-0.026806987252804577,770.1902500273792,0.006797424703136726,0.13987577754259112
2026-09-11,0.03287671232876712,P,750.0,1.39,1.42,1.4049999999999998,0.030000000000000027,5744.0,7300,0.12934220275878905,2026-08-28 20:14:25+00:00,769.3499755859375,2026-08-30,-0.025472764239667926,770.1902500273792,0.006797424703136726,0.1379962230324745
2026-09-11,0.03287671232876712,P,751.0,1.49,1.52,1.505,0.030000000000000027,417.0,562,0.12769427001953126,2026-08-28 20:14:25+00:00,769.3499755859375,2026-08-30,-0.024140319005889303,770.1902500273792,0.006797424703136726,0.1363794724345207
2026-09-11,0.03287671232876712,P,752.0,1.6,1.62,1.61,0.020000000000000018,322.0,1627,0.1258021990966797,2026-08-28 20:00:10+00:00,769.3499755859375,2026-08-30,-0.022809646820184222,770.1902500273792,0.006797424703136726,0.13468405944108963
2026-09-11,0.03287671232876712,P,753.0,1.71,1.73,1.72,0.020000000000000018,267.0,1153,0.12397116271972657,2026-08-28 20:12:29+00:00,769.3499755859375,2026-08-30,-0.021480742970130466,770.1902500273792,0.006797424703136726,0.13290164107084274
2026-09-11,0.03287671232876712,P,754.0,1.83,1.86,1.8450000000000002,0.030000000000000027,455.0,1430,0.12244529907226565,2026-08-28 20:14:51+00:00,769.3499755859375,2026-08-30,-0.020153602762067967,770.1902500273792,0.006797424703136726,0.13129680901765822
2026-09-11,0.03287671232876712,P,755.0,1.96,1.99,1.975,0.030000000000000027,2894.0,1606,0.12067529724121094,2026-08-28 20:14:40+00:00,769.3499755859375,2026-08-30,-0.018828221520999333,770.1902500273792,0.006797424703136726,0.12957040780782697
2026-09-11,0.03287671232876712,P,756.0,2.11,2.13,2.12,0.020000000000000018,318.0,802,0.11890529541015624,2026-08-28 20:13:23+00:00,769.3499755859375,2026-08-30,-0.017504594590491036,770.1902500273792,0.006797424703136726,0.12796795946359635
2026-09-11,0.03287671232876712,P,757.0,2.26,2.29,2.275,0.03000000000000025,433.0,876,0.11731839721679688,2026-08-28 19:57:57+00:00,769.3499755859375,2026-08-30,-0.016182717332575255,770.1902500273792,0.006797424703136726,0.12633690661191938
2026-09-11,0.03287671232876712,P,758.0,2.43,2.45,2.4400000000000004,0.020000000000000018,577.0,883,0.11548736083984376,2026-08-28 19:38:24+00:00,769.3499755859375,2026-08-30,-0.014862585127652372,770.1902500273792,0.006797424703136726,0.1246599673628807
2026-09-11,0.03287671232876712,P,759.0,2.61,2.64,2.625,0.03000000000000025,1089.0,893,0.11396149719238281,2026-08-28 20:11:03+00:00,769.3499755859375,2026-08-30,-0.0135441933743941,770.1902500273792,0.006797424703136726,0.12314631217718124
2026-09-11,0.03287671232876712,P,760.0,2.81,2.83,2.8200000000000003,0.020000000000000018,9539.0,36442,0.11216097808837888,2026-08-28 20:13:53+00:00,769.3499755859375,2026-08-30,-0.01222753748964726,770.1902500273792,0.006797424703136726,0.12154267197847365
2026-09-11,0.03287671232876712,P,761.0,3.02,3.05,3.035,0.029999999999999805,361.0,1438,0.11066563171386719,2026-08-28 19:58:03+00:00,769.3499755859375,2026-08-30,-0.010912612908338185,770.1902500273792,0.006797424703136726,0.12004629868268968
2026-09-11,0.03287671232876712,P,762.0,3.24,3.28,3.26,0.03999999999999959,727.0,563,0.10901769897460936,2026-08-28 20:07:04+00:00,769.3499755859375,2026-08-30,-0.009599415083377744,770.1902500273792,0.006797424703136726,0.11842299288511277
2026-09-11,0.03287671232876712,P,763.0,3.49,3.53,3.51,0.03999999999999959,811.0,1084,0.10740028350830078,2026-08-28 20:10:00+00:00,769.3499755859375,2026-08-30,-0.00828793948556701,770.1902500273792,0.006797424703136726,0.11695999151468277
2026-09-11,0.03287671232876712,P,764.0,3.76,3.8,3.78,0.040000000000000036,959.0,588,0.10578286804199218,2026-08-28 20:10:57+00:00,769.3499755859375,2026-08-30,-0.0069781816035035206,770.1902500273792,0.006797424703136726,0.11552559465169907
2026-09-11,0.03287671232876712,P,765.0,4.05,4.09,4.07,0.040000000000000036,3700.0,1906,0.10419596984863279,2026-08-28 20:14:09+00:00,769.3499755859375,2026-08-30,-0.005670136943488171,770.1902500273792,0.006797424703136726,0.1140971570611
2026-09-11,0.03287671232876712,P,766.0,4.37,4.4,4.385,0.03000000000000025,747.0,1460,0.10254803710937499,2026-08-28 20:02:46+00:00,769.3499755859375,2026-08-30,-0.004363801029432819,770.1902500273792,0.006797424703136726,0.11274619001150131
2026-09-11,0.03287671232876712,P,767.0,4.7,4.74,4.720000000000001,0.040000000000000036,856.0,2905,0.10099165618896484,2026-08-28 20:13:10+00:00,769.3499755859375,2026-08-30,-0.0030591694027679284,770.1902500273792,0.006797424703136726,0.11135648769140244
2026-09-11,0.03287671232876712,P,768.0,5.06,5.1,5.08,0.040000000000000036,957.0,996,0.09937424072265624,2026-08-28 20:06:22+00:00,769.3499755859375,2026-08-30,-0.0017562376223519457,770.1902500273792,0.006797424703136726,0.1099995613694191
2026-09-11,0.03287671232876712,P,769.0,5.45,5.49,5.470000000000001,0.040000000000000036,925.0,1062,0.09781785980224611,2026-08-28 20:13:13+00:00,769.3499755859375,2026-08-30,-0.00045500126438013493,770.1902500273792,0.006797424703136726,0.10874573045969009
2026-09-30,0.08493150684931507,C,770.0,10.5,10.55,10.525,0.05000000000000071,1201.0,2137,0.11954615814208984,2026-08-28 20:09:08+00:00,769.3499755859375,2026-08-30,0.0008445440777054266,769.632688279268,0.03567413709659071,0.12004272311925888
2026-09-30,0.08493150684931507,C,771.0,9.93,9.98,9.955,0.05000000000000071,707.0,235,0.1185085708618164,2026-08-28 20:14:47+00:00,769.3499755859375,2026-08-30,0.0021424027933054967,769.632688279268,0.03567413709659071,0.11901653641462326
2026-09-30,0.08493150684931507,C,772.0,9.37,9.42,9.395,0.05000000000000071,579.0,895,0.11744046630859376,2026-08-28 19:59:45+00:00,769.3499755859375,2026-08-30,0.00343857925475207,769.632688279268,0.03567413709659071,0.11793373662233353
2026-09-30,0.08493150684931507,C,773.0,8.84,8.88,8.86,0.040000000000000924,186.0,783,0.11640287902832032,2026-08-28 19:54:40+00:00,769.3499755859375,2026-08-30,0.004733077817397974,769.632688279268,0.03567413709659071,0.11695879966020584
2026-09-30,0.08493150684931507,C,774.0,8.32,8.36,8.34,0.03999999999999915,268.0,492,0.11539580902099611,2026-08-28 20:06:47+00:00,769.3499755859375,2026-08-30,0.00602590281970302,769.632688279268,0.03567413709659071,0.11597611564397813
2026-09-30,0.08493150684931507,C,775.0,7.81,7.86,7.835,0.05000000000000071,2803.0,4446,0.11446503219604492,2026-08-28 20:05:53+00:00,769.3499755859375,2026-08-30,0.007317058583323013,769.632688279268,0.03567413709659071,0.11498270493745805
2026-09-30,0.08493150684931507,C,776.0,7.33,7.37,7.35,0.040000000000000036,93.0,746,0.11344270355224609,2026-08-28 19:34:40+00:00,769.3499755859375,2026-08-30,0.00860654941319466,769.632688279268,0.03567413709659071,0.11403279691934586
2026-09-30,0.08493150684931507,C,777.0,6.87,6.91,6.890000000000001,0.040000000000000036,135.0,851,0.11258821990966797,2026-08-28 18:48:37+00:00,769.3499755859375,2026-08-30,0.009894379597623465,769.632688279268,0.03567413709659071,0.11318240875005724
2026-09-30,0.08493150684931507,C,778.0,6.42,6.46,6.4399999999999995,0.040000000000000036,181.0,1250,0.1116727017211914,2026-08-28 20:01:19+00:00,769.3499755859375,2026-08-30,0.011180553408367518,769.632688279268,0.03567413709659071,0.11225693374872206
2026-09-30,0.08493150684931507,C,779.0,5.99,6.03,6.01,0.040000000000000036,210.0,985,0.11078770080566405,2026-08-28 20:00:52+00:00,769.3499755859375,2026-08-30,0.012465075100724293,769.632688279268,0.03567413709659071,0.11137078994512559
2026-09-30,0.08493150684931507,C,780.0,5.59,5.63,5.609999999999999,0.040000000000000036,590.0,5108,0.1100552862548828,2026-08-28 20:05:41+00:00,769.3499755859375,2026-08-30,0.013747948913613342,769.632688279268,0.03567413709659071,0.11064554649591446
2026-09-30,0.08493150684931507,C,781.0,5.2,5.24,5.220000000000001,0.040000000000000036,130.0,1699,0.10923131988525389,2026-08-28 20:08:45+00:00,769.3499755859375,2026-08-30,0.015029179069662,769.632688279268,0.03567413709659071,0.10984104472398756
2026-09-30,0.08493150684931507,C,782.0,4.83,4.87,4.85,0.040000000000000036,189.0,669,0.10846838806152344,2026-08-28 20:01:32+00:00,769.3499755859375,2026-08-30,0.01630876977528701,769.632688279268,0.03567413709659071,0.10908004564046858
2026-09-30,0.08493150684931507,C,783.0,4.48,4.52,4.5,0.03999999999999915,293.0,575,0.10776649078369141,2026-08-28 18:50:27+00:00,769.3499755859375,2026-08-30,0.01758672522077914,769.632688279268,0.03567413709659071,0.10836433702707289
2026-09-30,0.08493150684931507,C,784.0,4.15,4.19,4.17,0.040000000000000036,73.0,989,0.1070951107788086,2026-08-28 19:52:20+00:00,769.3499755859375,2026-08-30,0.018863049580383782,769.632688279268,0.03567413709659071,0.10769868630170823
2026-09-30,0.08493150684931507,C,785.0,3.84,3.87,3.855,0.03000000000000025,974.0,1424,0.10633217895507813,2026-08-28 20:10:17+00:00,769.3499755859375,2026-08-30,0.020137747012384258,769.632688279268,0.03567413709659071,0.10702111703157427
2026-09-30,0.08493150684931507,C,786.0,3.54,3.58,3.56,0.040000000000000036,128.0,21255,0.10578286804199218,2026-08-28 18:57:51+00:00,769.3499755859375,2026-08-30,0.021410821659182483,769.632688279268,0.03567413709659071,0.10640194863080979
2026-09-30,0.08493150684931507,C,787.0,3.27,3.3,3.285,0.029999999999999805,191.0,521,0.10517252258300781,2026-08-28 19:49:00+00:00,769.3499755859375,2026-08-30,0.02268227764737906,769.632688279268,0.03567413709659071,0.10584952408075332
2026-09-30,0.08493150684931507,C,788.0,3.01,3.04,3.025,0.03000000000000025,102.0,720,0.10462321166992186,2026-08-28 19:57:38+00:00,769.3499755859375,2026-08-30,0.02395211908785507,769.632688279268,0.03567413709659071,0.10530067509412766
2026-09-30,0.08493150684931507,C,789.0,2.76,2.8,2.78,0.040000000000000036,47.0,1346,0.10416545257568358,2026-08-28 19:53:10+00:00,769.3499755859375,2026-08-30,0.025220350075850082,769.632688279268,0.03567413709659071,0.10475897723436355
2026-09-30,0.08493150684931507,C,790.0,2.54,2.57,2.5549999999999997,0.029999999999999805,3956.0,7258,0.10364665893554686,2026-08-28 20:08:45+00:00,769.3499755859375,2026-08-30,0.02648697469104313,769.632688279268,0.03567413709659071,0.10431083995103835
2026-09-30,0.08493150684931507,C,791.0,2.32,2.36,2.34,0.040000000000000036,163.0,695,0.10321941711425779,2026-08-28 20:04:25+00:00,769.3499755859375,2026-08-30,0.02775199699762972,769.632688279268,0.03567413709659071,0.10380787736177444
2026-09-30,0.08493150684931507,C,792.0,2.13,2.16,2.145,0.03000000000000025,636.0,767,0.10273114074707031,2026-08-28 18:41:16+00:00,769.3499755859375,2026-08-30,0.02901542104440181,769.632688279268,0.03567413709659071,0.10342171651124954
2026-09-30,0.08493150684931507,C,793.0,1.94,1.97,1.955,0.030000000000000027,157.0,418,0.1022428643798828,2026-08-28 20:13:09+00:00,769.3499755859375,2026-08-30,0.030277250864823836,769.632688279268,0.03567413709659071,0.10290325981378554
2026-09-30,0.08493150684931507,C,794.0,1.78,1.8,1.79,0.020000000000000018,111.0,2451,0.10187665710449219,2026-08-28 20:13:09+00:00,769.3499755859375,2026-08-30,0.031537490477111685,769.632688279268,0.03567413709659071,0.10262317401170729
2026-09-30,0.08493150684931507,C,795.0,1.62,1.65,1.635,0.029999999999999805,558.0,2218,0.10166303619384764,2026-08-28 20:05:27+00:00,769.3499755859375,2026-08-30,0.03279614388430776,769.632688279268,0.03567413709659071,0.10232461446523665
2026-09-30,0.08493150684931507,C,796.0,1.47,1.5,1.4849999999999999,0.030000000000000027,193.0,501,0.1012663116455078,2026-08-28 19:55:37+00:00,769.3499755859375,2026-08-30,0.03405321507435898,769.632688279268,0.03567413709659071,0.10191044503450392
2026-09-30,0.08493150684931507,C,797.0,1.34,1.37,1.355,0.030000000000000027,159.0,501,0.10105269073486328,2026-08-28 19:06:53+00:00,769.3499755859375,2026-08-30,0.0353087080201909,769.632688279268,0.03567413709659071,0.10170246642827986
2026-09-30,0.08493150684931507,C,798.0,1.22,1.24,1.23,0.020000000000000018,54.0,443,0.10065596618652344,2026-08-28 19:22:27+00:00,769.3499755859375,2026-08-30,0.036562626679784736,769.632688279268,0.03567413709659071,0.10139615982770919
2026-09-30,0.08493150684931507,C,799.0,1.11,1.13,1.12,0.019999999999999796,93.0,683,0.10047286254882812,2026-08-28 15:53:20+00:00,769.3499755859375,2026-08-30,0.037814974996250535,769.632688279268,0.03567413709659071,0.1012322798371315
2026-09-30,0.08493150684931507,C,800.0,1.0,1.03,1.0150000000000001,0.030000000000000027,8288.0,64872,0.10038131072998047,2026-08-28 20:07:32+00:00,769.3499755859375,2026-08-30,0.03906575689790327,769.632688279268,0.03567413709659071,0.10098735374212263
2026-09-30,0.08493150684931507,C,801.0,0.91,0.93,0.92,0.020000000000000018,34.0,830,0.10004562072753906,2026-08-28 19:15:38+00:00,769.3499755859375,2026-08-30,0.040314976298335095,769.632688279268,0.03567413709659071,0.10079606109857557
2026-09-30,0.08493150684931507,C,802.0,0.83,0.85,0.84,0.020000000000000018,36.0,841,0.1001066552734375,2026-08-28 19:49:50+00:00,769.3499755859375,2026-08-30,0.041562637096490475,769.632688279268,0.03567413709659071,0.10082883709669112
2026-09-30,0.08493150684931507,C,803.0,0.75,0.77,0.76,0.020000000000000018,80.0,2376,0.09998458618164063,2026-08-28 19:41:26+00:00,769.3499755859375,2026-08-30,0.04280874317673755,769.632688279268,0.03567413709659071,0.10067270416021347
2026-09-30,0.08493150684931507,C,804.0,0.68,0.7,0.69,0.019999999999999907,177.0,540,0.0999235516357422,2026-08-28 19:15:38+00:00,769.3499755859375,2026-08-30,0.04405329840894236,769.632688279268,0.03567413709659071,0.10063575667142868
2026-09-30,0.08493150684931507,C,805.0,0.62,0.64,0.63,0.020000000000000018,572.0,4701,0.10004562072753906,2026-08-28 20:05:09+00:00,769.3499755859375,2026-08-30,0.04529630664853925,769.632688279268,0.03567413709659071,0.10075553804636
2026-09-30,0.08493150684931507,C,806.0,0.56,0.58,0.5700000000000001,0.019999999999999907,10.0,901,0.09998458618164063,2026-08-28 20:09:18+00:00,769.3499755859375,2026-08-30,0.04653777173660428,769.632688279268,0.03567413709659071,0.10069892495870589
2026-09-30,0.08493150684931507,C,807.0,0.51,0.53,0.52,0.020000000000000018,743.0,1539,0.10016768981933594,2026-08-28 19:06:53+00:00,769.3499755859375,2026-08-30,0.047777697499924686,769.632688279268,0.03567413709659071,0.10084492713212966
2026-09-30,0.08493150684931507,C,808.0,0.46,0.48,0.47,0.019999999999999962,10.0,374,0.10016768981933594,2026-08-28 17:06:48+00:00,769.3499755859375,2026-08-30,0.04901608775107138,769.632688279268,0.03567413709659071,0.10082049411535261
2026-09-30,0.08493150684931507,C,809.0,0.42,0.44,0.43,0.020000000000000018,27.0,429,0.10047286254882812,2026-08-28 20:05:09+00:00,769.3499755859375,2026-08-30,0.05025294628846758,769.632688279268,0.03567413709659071,0.10106124871969221
2026-09-30,0.08493150684931507,C,810.0,0.39,0.4,0.395,0.010000000000000009,414.0,5113,0.10053389709472656,2026-08-28 20:02:53+00:00,769.3499755859375,2026-08-30,0.051488276896460454,769.632688279268,0.03567413709659071,0.10139139240980147
2026-09-30,0.08493150684931507,C,811.0,0.35,0.37,0.36,0.020000000000000018,45.0,528,0.10096113891601563,2026-08-28 18:48:04+00:00,769.3499755859375,2026-08-30,0.052722083345388825,769.632688279268,0.03567413709659071,0.10158030134439466
2026-09-30,0.08493150684931507,C,812.0,0.32,0.34,0.33,0.020000000000000018,130.0,664,0.10132734619140624,2026-08-28 20:00:25+00:00,769.3499755859375,2026-08-30,0.05395436939165396,769.632688279268,0.03567413709659071,0.10188720387220379
2026-09-30,0.08493150684931507,C,813.0,0.3,0.31,0.305,0.010000000000000009,18.0,408,0.10151044982910155,2026-08-28 19:41:26+00:00,769.3499755859375,2026-08-30,0.0551851387777865,769.632688279268,0.03567413709659071,0.10234904748201368
2026-09-30,0.08493150684931507,C,814.0,0.27,0.29,0.28,0.019999999999999962,653.0,945,0.10218182983398436,2026-08-28 19:52:23+00:00,769.3499755859375,2026-08-30,0.05641439523251631,769.632688279268,0.03567413709659071,0.10269230157136916
2026-09-30,0.08493150684931507,C,815.0,0.25,0.26,0.255,0.010000000000000009,132.0,1614,0.10205976074218749,2026-08-28 19:43:14+00:00,769.3499755859375,2026-08-30,0.05764214247083862,769.632688279268,0.03567413709659071,0.10290206795930862
2026-09-30,0.08493150684931507,C,816.0,0.23,0.24,0.235,0.009999999999999981,5.0,380,0.10254803710937499,2026-08-28 16:57:17+00:00,769.3499755859375,2026-08-30,0.05886838419408303,769.632688279268,0.03567413709659071,0.10332160073518754
2026-09-30,0.08493150684931507,C,817.0,0.21,0.23,0.22,0.020000000000000018,324.0,323,0.10352458984374999,2026-08-28 17:49:36+00:00,769.3499755859375,2026-08-30,0.0600931240899788,769.632688279268,0.03567413709659071,0.10400334149599075
2026-09-30,0.08493150684931507,C,818.0,0.2,0.21,0.20500000000000002,0.009999999999999981,6.0,122,0.10376872802734374,2026-08-28 15:18:46+00:00,769.3499755859375,2026-08-30,0.061316365832723076,769.632688279268,0.03567413709659071,0.10460165244340897
2026-09-30,0.08493150684931507,C,819.0,0.18,0.19,0.185,0.010000000000000009,5.0,1922,0.10389079711914062,2026-08-28 15:53:20+00:00,769.3499755859375,2026-08-30,0.06253811308304534,769.632688279268,0.03567413709659071,0.1046779311299324
2026-09-30,0.08493150684931507,C,820.0,0.17,0.18,0.175,0.009999999999999981,595.0,2943,0.10474528076171874,2026-08-28 19:20:41+00:00,769.3499755859375,2026-08-30,0.06375836948827483,769.632688279268,0.03567413709659071,0.10551222926378248
2026-09-30,0.08493150684931507,C,821.0,0.16,0.17,0.165,0.010000000000000009,3.0,711,0.1054776953125,2026-08-27 16:23:38+00:00,769.3499755859375,2026-08-30,0.06497713868240415,769.632688279268,0.03567413709659071,0.10628514689207078
2026-09-30,0.08493150684931507,C,822.0,0.15,0.16,0.155,0.010000000000000009,87.0,201,0.10621010986328125,2026-08-28 15:40:53+00:00,769.3499755859375,2026-08-30,0.06619442428615595,769.632688279268,0.03567413709659071,0.10699132066965104
2026-09-30,0.08493150684931507,C,823.0,0.14,0.15,0.14500000000000002,0.009999999999999981,17.0,72,0.1069425244140625,2026-08-28 15:40:52+00:00,769.3499755859375,2026-08-30,0.06741022990704575,769.632688279268,0.03567413709659071,0.10762598317861559
2026-09-30,0.08493150684931507,C,824.0,0.13,0.14,0.135,0.010000000000000009,192.0,1990,0.10743080078125,2026-08-28 18:07:15+00:00,769.3499755859375,2026-08-30,0.06862455913944752,769.632688279268,0.03567413709659071,0.1081819832921028
2026-09-30,0.08493150684931507,C,825.0,0.12,0.13,0.125,0.010000000000000009,292.0,33742,0.1079190771484375,2026-08-28 19:53:34+00:00,769.3499755859375,2026-08-30,0.06983741556465692,769.632688279268,0.03567413709659071,0.10865097802877426
2026-09-30,0.08493150684931507,C,826.0,0.12,0.13,0.125,0.010000000000000009,6.0,29,0.10962804443359375,2026-08-28 20:09:18+00:00,769.3499755859375,2026-08-30,0.0710488027509539,769.632688279268,0.03567413709659071,0.11027309197187422
2026-09-30,0.08493150684931507,C,827.0,0.11,0.12,0.11499999999999999,0.009999999999999995,9.0,124,0.1098721826171875,2026-08-28 17:39:17+00:00,769.3499755859375,2026-08-30,0.07225872425366726,769.632688279268,0.03567413709659071,0.11062588089704514
2026-09-30,0.08493150684931507,C,828.0,0.1,0.12,0.11,0.01999999999999999,56.0,1413,0.11158114990234375,2026-08-28 15:38:26+00:00,769.3499755859375,2026-08-30,0.07346718361523553,769.632688279268,0.03567413709659071,0.11155612331628799
2026-09-30,0.08493150684931507,C,829.0,0.1,0.11,0.10500000000000001,0.009999999999999995,50.0,439,0.11182528808593749,2026-08-26 19:50:59+00:00,769.3499755859375,2026-08-30,0.07467418436527093,769.632688279268,0.03567413709659071,0.11244643861055376
2026-09-30,0.08493150684931507,C,830.0,0.09,0.11,0.1,0.020000000000000004,7.0,1559,0.1132901171875,2026-08-28 20:10:17+00:00,769.3499755859375,2026-08-30,0.07587973002061946,769.632688279268,0.03567413709659071,0.11329384714365005
2026-09-30,0.08493150684931507,C,831.0,0.09,0.1,0.095,0.010000000000000009,2.0,164,0.11353425537109374,2026-08-27 14:01:35+00:00,769.3499755859375,2026-08-30,0.07708382408542415,769.632688279268,0.03567413709659071,0.11409536927938461
2026-09-30,0.08493150684931507,C,832.0,0.09,0.1,0.095,0.010000000000000009,2.0,401,0.11499908447265625,2026-08-26 17:19:10+00:00,769.3499755859375,2026-08-30,0.07828647005118444,769.632688279268,0.03567413709659071,0.11564418417215347
2026-09-30,0.08493150684931507,C,833.0,0.08,0.09,0.08499999999999999,0.009999999999999995,3.0,198,0.11499908447265625,2026-08-21 14:45:35+00:00,769.3499755859375,2026-08-30,0.07948767139681864,769.632688279268,0.03567413709659071,0.11554883581399918
2026-09-30,0.08493150684931507,C,834.0,0.08,0.09,0.08499999999999999,0.009999999999999995,6.0,425,0.11646391357421876,2026-08-20 16:26:33+00:00,769.3499755859375,2026-08-30,0.08068743158872262,769.632688279268,0.03567413709659071,0.11707202583551406
2026-09-30,0.08493150684931507,C,835.0,0.07,0.09,0.08,0.01999999999999999,32.0,959,0.11792874267578124,2026-08-28 17:02:40+00:00,769.3499755859375,2026-08-30,0.08188575408083144,769.632688279268,0.03567413709659071,0.11770251685380935
2026-09-30,0.08493150684931507,C,836.0,0.07,0.08,0.07500000000000001,0.009999999999999995,20.0,69,0.1176846044921875,2026-08-28 16:19:12+00:00,769.3499755859375,2026-08-30,0.08308264231467749,769.632688279268,0.03567413709659071,0.11827162736654281
2026-09-30,0.08493150684931507,C,837.0,0.07,0.08,0.07500000000000001,0.009999999999999995,6.0,365,0.11914943359374999,2026-08-19 20:08:11+00:00,769.3499755859375,2026-08-30,0.08427809971945129,769.632688279268,0.03567413709659071,0.11976323324441912
2026-09-30,0.08493150684931507,C,838.0,0.07,0.08,0.07500000000000001,0.009999999999999995,50.0,725,0.1206142626953125,2026-08-27 14:45:35+00:00,769.3499755859375,2026-08-30,0.0854721297120589,769.632688279268,0.03567413709659071,0.12125126355886458
2026-09-30,0.08493150684931507,C,839.0,0.06,0.07,0.065,0.010000000000000009,1.0,686,0.12012598632812499,2026-08-17 19:26:05+00:00,769.3499755859375,2026-08-30,0.08666473569718215,769.632688279268,0.03567413709659071,0.12066248744726182
2026-09-30,0.08493150684931507,C,840.0,0.06,0.07,0.065,0.010000000000000009,12.0,675,0.1215908154296875,2026-08-28 15:36:04+00:00,769.3499755859375,2026-08-30,0.08785592106733517,769.632688279268,0.03567413709659071,0.12212310510873793
2026-09-30,0.08493150684931507,C,841.0,0.06,0.07,0.065,0.010000000000000009,12.0,97,0.12305564453125001,2026-08-21 19:45:07+00:00,769.3499755859375,2026-08-30,0.08904568920292404,769.632688279268,0.03567413709659071,0.12357955127954483
2026-09-30,0.08493150684931507,C,842.0,0.06,0.07,0.065,0.010000000000000009,1.0,330,0.1245204736328125,2026-08-17 19:26:05+00:00,769.3499755859375,2026-08-30,0.09023404347230261,769.632688279268,0.03567413709659071,0.12503242188692093
2026-09-30,0.08493150684931507,C,843.0,0.05,0.06,0.055,0.009999999999999995,14.0,708,0.1235439208984375,2026-08-26 15:51:57+00:00,769.3499755859375,2026-08-30,0.09142098723183144,769.632688279268,0.03567413709659071,0.12408013015985486
2026-09-30,0.08493150684931507,C,844.0,0.05,0.06,0.055,0.009999999999999995,2.0,8,0.12500875,2026-08-21 13:38:35+00:00,769.3499755859375,2026-08-30,0.092606523825933,769.632688279268,0.03567413709659071,0.1255038003325462
2026-09-30,0.08493150684931507,C,845.0,0.05,0.06,0.055,0.009999999999999995,3.0,450,0.12647357910156248,2026-08-28 13:40:11+00:00,769.3499755859375,2026-08-30,0.09379065658714984,769.632688279268,0.03567413709659071,0.12692389494180678
2026-09-30,0.08493150684931507,C,846.0,0.05,0.06,0.055,0.009999999999999995,3.0,34,0.127938408203125,2026-08-20 15:04:10+00:00,769.3499755859375,2026-08-30,0.09497338883619917,769.632688279268,0.03567413709659071,0.12834041398763657
2026-09-30,0.08493150684931507,C,847.0,0.05,0.06,0.055,0.009999999999999995,594.0,638,0.1294032373046875,2026-08-25 17:25:08+00:00,769.3499755859375,2026-08-30,0.09615472388203039,769.632688279268,0.03567413709659071,0.12975335747003558
2026-09-30,0.08493150684931507,C,848.0,0.04,0.05,0.045,0.010000000000000002,638.0,935,0.127938408203125,2026-08-25 17:25:10+00:00,769.3499755859375,2026-08-30,0.09733466502187897,769.632688279268,0.03567413709659071,0.1282992950081825
2026-09-30,0.08493150684931507,C,849.0,0.04,0.05,0.045,0.010000000000000002,113.0,177,0.1294032373046875,2026-08-21 19:48:44+00:00,769.3499755859375,2026-08-30,0.09851321554132332,769.632688279268,0.03567413709659071,0.12968125027418131
2026-09-30,0.08493150684931507,C,850.0,0.04,0.05,0.045,0.010000000000000002,1.0,5689,0.13086806640624998,2026-08-27 18:22:19+00:00,769.3499755859375,2026-08-30,0.09969037871433804,769.632688279268,0.03567413709659071,0.13105962997674947
2026-09-30,0.08493150684931507,C,851.0,0.04,0.05,0.045,0.010000000000000002,12.0,47,0.13233289550781252,2026-08-19 20:09:04+00:00,769.3499755859375,2026-08-30,0.10086615780335013,769.632688279268,0.03567413709659071,0.13243503004312512
2026-09-30,0.08493150684931507,C,852.0,0.04,0.05,0.045,0.010000000000000002,524.0,504,0.133797724609375,2026-08-28 19:00:55+00:00,769.3499755859375,2026-08-30,0.10204055605929163,769.632688279268,0.03567413709659071,0.13380685454607005
2026-09-30,0.08493150684931507,C,853.0,0.04,0.05,0.045,0.010000000000000002,48.0,29,0.13477427734375003,2026-08-28 18:28:34+00:00,769.3499755859375,2026-08-30,0.10321357672165513,769.632688279268,0.03567413709659071,0.1351756994128227
2026-09-30,0.08493150684931507,P,646.0,0.48,0.49,0.485,0.010000000000000009,5.0,458,0.2921213366699218,2026-08-28 16:01:57+00:00,769.3499755859375,2026-08-30,-0.17474646698742216,769.632688279268,0.03567413709659071,0.2970092758536338
2026-09-30,0.08493150684931507,P,647.0,0.49,0.5,0.495,0.010000000000000009,1.0,291,0.29077857666015616,2026-08-20 14:47:25+00:00,769.3499755859375,2026-08-30,-0.17319967626912344,769.632688279268,0.03567413709659071,0.2956916807293891
2026-09-30,0.08493150684931507,P,648.0,0.5,0.51,0.505,0.010000000000000009,1.0,492,0.28955788574218744,2026-08-28 15:19:30+00:00,769.3499755859375,2026-08-30,-0.17165527441774944,769.632688279268,0.03567413709659071,0.29435263222455976
2026-09-30,0.08493150684931507,P,649.0,0.5,0.51,0.505,0.010000000000000009,13.0,208,0.2873606420898437,2026-08-28 19:39:06+00:00,769.3499755859375,2026-08-30,-0.17011325406593414,769.632688279268,0.03567413709659071,0.29209049242734897
2026-09-30,0.08493150684931507,P,650.0,0.51,0.52,0.515,0.010000000000000009,59.0,3957,0.2858958129882812,2026-08-28 19:39:11+00:00,769.3499755859375,2026-08-30,-0.16857360788034131,769.632688279268,0.03567413709659071,0.2907270109057426
2026-09-30,0.08493150684931507,P,651.0,0.52,0.53,0.525,0.010000000000000009,151.0,423,0.2845530529785155,2026-08-28 17:47:04+00:00,769.3499755859375,2026-08-30,-0.16703632856145487,769.632688279268,0.03567413709659071,0.28934326785802833
2026-09-30,0.08493150684931507,P,652.0,0.52,0.53,0.525,0.010000000000000009,1.0,220,0.2823558093261719,2026-08-28 17:03:29+00:00,769.3499755859375,2026-08-30,-0.16550140884337117,769.632688279268,0.03567413709659071,0.287075168788433
2026-09-30,0.08493150684931507,P,653.0,0.53,0.54,0.535,0.010000000000000009,2.0,130,0.28089098022460934,2026-08-28 19:39:09+00:00,769.3499755859375,2026-08-30,-0.16396884149359306,769.632688279268,0.03567413709659071,0.2856681845784187
2026-09-30,0.08493150684931507,P,654.0,0.54,0.55,0.545,0.010000000000000009,5.0,33,0.2795482202148437,2026-08-27 13:55:11+00:00,769.3499755859375,2026-08-30,-0.1624386193128254,769.632688279268,0.03567413709659071,0.2842421306967735
2026-09-30,0.08493150684931507,P,655.0,0.55,0.56,0.555,0.010000000000000009,11.0,581,0.27808339111328123,2026-08-28 17:06:25+00:00,769.3499755859375,2026-08-30,-0.1609107351347722,769.632688279268,0.03567413709659071,0.28279760307073587
2026-09-30,0.08493150684931507,P,656.0,0.55,0.57,0.56,0.019999999999999907,2.0,196,0.2766185620117187,2026-08-26 18:21:40+00:00,769.3499755859375,2026-08-30,-0.15938518182593506,769.632688279268,0.03567413709659071,0.2809281793236733
2026-09-30,0.08493150684931507,P,657.0,0.56,0.57,0.565,0.009999999999999898,39.0,634,0.274421318359375,2026-08-28 18:13:16+00:00,769.3499755859375,2026-08-30,-0.15786195228541358,769.632688279268,0.03567413709659071,0.2790533922314643
2026-09-30,0.08493150684931507,P,658.0,0.57,0.58,0.575,0.010000000000000009,1.0,1216,0.27295648925781246,2026-08-20 17:28:22+00:00,769.3499755859375,2026-08-30,-0.1563410394447069,769.632688279268,0.03567413709659071,0.2775695334076881
2026-09-30,0.08493150684931507,P,659.0,0.58,0.59,0.585,0.010000000000000009,1.0,642,0.27149166015625,2026-08-26 15:01:32+00:00,769.3499755859375,2026-08-30,-0.15482243626751688,769.632688279268,0.03567413709659071,0.2760683926939964
2026-09-30,0.08493150684931507,P,660.0,0.59,0.6,0.595,0.010000000000000009,115.0,2747,0.2699047619628906,2026-08-28 18:53:53+00:00,769.3499755859375,2026-08-30,-0.15330613574955285,769.632688279268,0.03567413709659071,0.2745505660176276
2026-09-30,0.08493150684931507,P,661.0,0.6,0.61,0.605,0.010000000000000009,1.0,408,0.26843993286132806,2026-08-28 18:33:08+00:00,769.3499755859375,2026-08-30,-0.1517921309183378,769.632688279268,0.03567413709659071,0.27301664930582037
2026-09-30,0.08493150684931507,P,662.0,0.61,0.62,0.615,0.010000000000000009,53.0,142,0.2668530346679688,2026-08-28 19:33:38+00:00,769.3499755859375,2026-08-30,-0.15028041483301588,769.632688279268,0.03567413709659071,0.27146664255857467
2026-09-30,0.08493150684931507,P,663.0,0.62,0.63,0.625,0.010000000000000009,7.0,273,0.26538820556640624,2026-08-28 20:14:27+00:00,769.3499755859375,2026-08-30,-0.14877098058416158,769.632688279268,0.03567413709659071,0.2699005457758903
2026-09-30,0.08493150684931507,P,664.0,0.63,0.64,0.635,0.010000000000000009,10.0,938,0.26380130737304686,2026-08-28 14:54:32+00:00,769.3499755859375,2026-08-30,-0.14726382129359022,769.632688279268,0.03567413709659071,0.2683189548850059
2026-09-30,0.08493150684931507,P,665.0,0.64,0.65,0.645,0.010000000000000009,5.0,986,0.2622144091796875,2026-08-28 17:32:38+00:00,769.3499755859375,2026-08-30,-0.14575893011416993,769.632688279268,0.03567413709659071,0.26672246581315995
2026-09-30,0.08493150684931507,P,666.0,0.65,0.66,0.655,0.010000000000000009,1.0,160,0.2606275109863281,2026-08-28 16:32:36+00:00,769.3499755859375,2026-08-30,-0.14425630022963493,769.632688279268,0.03567413709659071,0.26511167448759076
2026-09-30,0.08493150684931507,P,667.0,0.66,0.67,0.665,0.010000000000000009,4.0,225,0.2590406127929688,2026-08-28 19:21:35+00:00,769.3499755859375,2026-08-30,-0.14275592485440033,769.632688279268,0.03567413709659071,0.26348538905382146
2026-09-30,0.08493150684931507,P,668.0,0.67,0.68,0.675,0.010000000000000009,2.0,213,0.2573316455078125,2026-08-27 19:27:33+00:00,769.3499755859375,2026-08-30,-0.14125779723337833,769.632688279268,0.03567413709659071,0.2618453972935677
2026-09-30,0.08493150684931507,P,669.0,0.68,0.69,0.685,0.009999999999999898,2.0,539,0.2557447473144532,2026-08-28 19:22:15+00:00,769.3499755859375,2026-08-30,-0.1397619106417956,769.632688279268,0.03567413709659071,0.2601911032795906
2026-09-30,0.08493150684931507,P,670.0,0.69,0.7,0.695,0.010000000000000009,12.0,3279,0.25403578002929694,2026-08-28 19:37:02+00:00,769.3499755859375,2026-08-30,-0.1382682583850123,769.632688279268,0.03567413709659071,0.25852310293912883
2026-09-30,0.08493150684931507,P,671.0,0.7,0.71,0.705,0.010000000000000009,1.0,175,0.2524488818359375,2026-08-27 15:25:25+00:00,769.3499755859375,2026-08-30,-0.13677683379834227,769.632688279268,0.03567413709659071,0.25684199219942094
2026-09-30,0.08493150684931507,P,672.0,0.71,0.72,0.715,0.010000000000000009,100.0,404,0.2507399145507812,2026-08-28 14:57:39+00:00,769.3499755859375,2026-08-30,-0.1352876302468745,769.632688279268,0.03567413709659071,0.25514717513322827
2026-09-30,0.08493150684931507,P,673.0,0.72,0.74,0.73,0.020000000000000018,2.0,1628,0.24964129272460936,2026-08-27 19:29:26+00:00,769.3499755859375,2026-08-30,-0.13380064112529624,769.632688279268,0.03567413709659071,0.2537509176135063
2026-09-30,0.08493150684931507,P,674.0,0.73,0.75,0.74,0.020000000000000018,1.0,606,0.24793232543945312,2026-08-28 14:56:47+00:00,769.3499755859375,2026-08-30,-0.13231585985771702,769.632688279268,0.03567413709659071,0.2520251123309135
2026-09-30,0.08493150684931507,P,675.0,0.75,0.76,0.755,0.010000000000000009,14.0,9652,0.24622335815429688,2026-08-28 19:59:23+00:00,769.3499755859375,2026-08-30,-0.13083327989749421,769.632688279268,0.03567413709659071,0.250588331758976
2026-09-30,0.08493150684931507,P,676.0,0.76,0.77,0.765,0.010000000000000009,4.0,1143,0.24451439086914065,2026-08-28 15:05:17+00:00,769.3499755859375,2026-08-30,-0.12935289472705994,769.632688279268,0.03567413709659071,0.24883273011446
2026-09-30,0.08493150684931507,P,677.0,0.77,0.79,0.78,0.020000000000000018,5.0,1160,0.24329369995117187,2026-08-28 19:40:38+00:00,769.3499755859375,2026-08-30,-0.12787469785774905,769.632688279268,0.03567413709659071,0.24735721427202229
2026-09-30,0.08493150684931507,P,678.0,0.79,0.8,0.795,0.010000000000000009,7.0,372,0.24158473266601563,2026-08-27 14:26:09+00:00,769.3499755859375,2026-08-30,-0.12639868282962846,769.632688279268,0.03567413709659071,0.24585964912176134
2026-09-30,0.08493150684931507,P,679.0,0.8,0.81,0.805,0.010000000000000009,1.0,739,0.23975369628906246,2026-08-28 16:46:59+00:00,769.3499755859375,2026-08-30,-0.1249248432113279,769.632688279268,0.03567413709659071,0.24405994886159893
2026-09-30,0.08493150684931507,P,680.0,0.81,0.83,0.8200000000000001,0.019999999999999907,125.0,10619,0.23853300537109373,2026-08-28 19:57:47+00:00,769.3499755859375,2026-08-30,-0.12345317259987164,769.632688279268,0.03567413709659071,0.24252603214979168
2026-09-30,0.08493150684931507,P,681.0,0.83,0.84,0.835,0.010000000000000009,8.0,654,0.23670196899414062,2026-08-28 19:10:48+00:00,769.3499755859375,2026-08-30,-0.12198366462051165,769.632688279268,0.03567413709659071,0.2409712579846382
2026-09-30,0.08493150684931507,P,682.0,0.84,0.86,0.85,0.020000000000000018,4.0,1017,0.23548127807617186,2026-08-28 18:29:58+00:00,769.3499755859375,2026-08-30,-0.12051631292656191,769.632688279268,0.03567413709659071,0.23939681822061537
2026-09-30,0.08493150684931507,P,683.0,0.86,0.87,0.865,0.010000000000000009,6.0,318,0.23365024169921872,2026-08-27 16:45:49+00:00,769.3499755859375,2026-08-30,-0.11905111119923395,769.632688279268,0.03567413709659071,0.2378033087849617
2026-09-30,0.08493150684931507,P,684.0,0.87,0.89,0.88,0.020000000000000018,19.0,453,0.23230748168945312,2026-08-28 16:48:05+00:00,769.3499755859375,2026-08-30,-0.11758805314747355,769.632688279268,0.03567413709659071,0.23619013375043868
2026-09-30,0.08493150684931507,P,685.0,0.89,0.91,0.9,0.020000000000000018,69.0,1974,0.23084265258789063,2026-08-28 19:09:33+00:00,769.3499755859375,2026-08-30,-0.11612713250779871,769.632688279268,0.03567413709659071,0.23481234997510908
2026-09-30,0.08493150684931507,P,686.0,0.91,0.92,0.915,0.010000000000000009,2.0,222,0.22901161621093752,2026-08-28 13:54:02+00:00,769.3499755859375,2026-08-30,-0.11466834304413878,769.632688279268,0.03567413709659071,0.23315805596113204
2026-09-30,0.08493150684931507,P,687.0,0.92,0.94,0.9299999999999999,0.019999999999999907,1.0,1667,0.22760782165527343,2026-08-27 14:46:26+00:00,769.3499755859375,2026-08-30,-0.11321167854767479,769.632688279268,0.03567413709659071,0.2314852882027626
2026-09-30,0.08493150684931507,P,688.0,0.94,0.96,0.95,0.020000000000000018,42.0,413,0.22620402709960938,2026-08-28 17:02:40+00:00,769.3499755859375,2026-08-30,-0.11175713283668046,769.632688279268,0.03567413709659071,0.2300359931588173
2026-09-30,0.08493150684931507,P,689.0,0.96,0.98,0.97,0.020000000000000018,6.0,691,0.22473919799804684,2026-08-28 20:00:26+00:00,769.3499755859375,2026-08-30,-0.11030469975636555,769.632688279268,0.03567413709659071,0.22856047731637957
2026-09-30,0.08493150684931507,P,690.0,0.98,1.0,0.99,0.020000000000000018,460.0,7184,0.22321333435058593,2026-08-28 19:53:30+00:00,769.3499755859375,2026-08-30,-0.10885437317871904,769.632688279268,0.03567413709659071,0.22705933660268784
2026-09-30,0.08493150684931507,P,691.0,1.0,1.02,1.01,0.020000000000000018,2.0,1994,0.22168747070312497,2026-08-27 15:54:22+00:00,769.3499755859375,2026-08-30,-0.10740614700235422,769.632688279268,0.03567413709659071,0.2255337628722191
2026-09-30,0.08493150684931507,P,692.0,1.02,1.04,1.03,0.020000000000000018,9.0,309,0.220161607055664,2026-08-28 18:01:11+00:00,769.3499755859375,2026-08-30,-0.10596001515235455,769.632688279268,0.03567413709659071,0.2239837561249733
2026-09-30,0.08493150684931507,P,693.0,1.04,1.06,1.05,0.020000000000000018,1.0,121,0.2186357434082031,2026-08-28 14:15:44+00:00,769.3499755859375,2026-08-30,-0.10451597158012088,769.632688279268,0.03567413709659071,0.2224099122881889
2026-09-30,0.08493150684931507,P,694.0,1.06,1.08,1.07,0.020000000000000018,8.0,342,0.21704884521484374,2026-08-28 18:39:37+00:00,769.3499755859375,2026-08-30,-0.1030740102632196,769.632688279268,0.03567413709659071,0.2208134232163429
2026-09-30,0.08493150684931507,P,695.0,1.08,1.1,1.09,0.020000000000000018,572.0,3932,0.21540091247558596,2026-08-28 20:09:18+00:00,769.3499755859375,2026-08-30,-0.10163412520523196,769.632688279268,0.03567413709659071,0.21919309705495832
2026-09-30,0.08493150684931507,P,696.0,1.1,1.12,1.11,0.020000000000000018,2.0,139,0.21375297973632812,2026-08-28 13:54:02+00:00,769.3499755859375,2026-08-30,-0.10019631043560445,769.632688279268,0.03567413709659071,0.217551317512989
2026-09-30,0.08493150684931507,P,697.0,1.13,1.15,1.14,0.020000000000000018,12.0,3646,0.21253228881835937,2026-08-28 19:44:19+00:00,769.3499755859375,2026-08-30,-0.0987605600095002,769.632688279268,0.03567413709659071,0.2162933151125908
2026-09-30,0.08493150684931507,P,698.0,1.15,1.17,1.16,0.020000000000000018,24.0,413,0.2108233215332031,2026-08-28 16:20:20+00:00,769.3499755859375,2026-08-30,-0.09732686800765161,769.632688279268,0.03567413709659071,0.21460028582811358
2026-09-30,0.08493150684931507,P,699.0,1.18,1.2,1.19,0.020000000000000018,124.0,3833,0.20954159606933592,2026-08-28 19:59:18+00:00,769.3499755859375,2026-08-30,-0.09589522853621384,769.632688279268,0.03567413709659071,0.21327792328596118
2026-09-30,0.08493150684931507,P,700.0,1.2,1.22,1.21,0.020000000000000018,632.0,8541,0.20783262878417966,2026-08-28 20:06:07+00:00,769.3499755859375,2026-08-30,-0.09446563572661941,769.632688279268,0.03567413709659071,0.2115360279679298
2026-09-30,0.08493150684931507,P,701.0,1.23,1.25,1.24,0.020000000000000018,56.0,441,0.20642883422851557,2026-08-28 19:53:36+00:00,769.3499755859375,2026-08-30,-0.09303808373543399,769.632688279268,0.03567413709659071,0.2101504971385002
2026-09-30,0.08493150684931507,P,702.0,1.26,1.28,1.27,0.020000000000000018,5.0,718,0.20502503967285152,2026-08-28 15:20:31+00:00,769.3499755859375,2026-08-30,-0.09161256674421296,769.632688279268,0.03567413709659071,0.20873099845647808
2026-09-30,0.08493150684931507,P,703.0,1.29,1.31,1.3,0.020000000000000018,12.0,383,0.2036212451171875,2026-08-28 19:45:18+00:00,769.3499755859375,2026-08-30,-0.09018907895935917,769.632688279268,0.03567413709659071,0.207278127849102
2026-09-30,0.08493150684931507,P,704.0,1.32,1.33,1.3250000000000002,0.010000000000000009,11.0,244,0.20179020874023437,2026-08-28 19:02:58+00:00,769.3499755859375,2026-08-30,-0.08876761461198167,769.632688279268,0.03567413709659071,0.20561549085378644
2026-09-30,0.08493150684931507,P,705.0,1.35,1.36,1.355,0.010000000000000009,223.0,6367,0.2002643450927734,2026-08-28 19:40:08+00:00,769.3499755859375,2026-08-30,-0.08734816795775542,769.632688279268,0.03567413709659071,0.20410183566808693
2026-09-30,0.08493150684931507,P,706.0,1.38,1.4,1.39,0.020000000000000018,33.0,429,0.1991046887207031,2026-08-28 18:11:18+00:00,769.3499755859375,2026-08-30,-0.085930733276782,769.632688279268,0.03567413709659071,0.20272703152894966
2026-09-30,0.08493150684931507,P,707.0,1.41,1.43,1.42,0.020000000000000018,99.0,20960,0.19751779052734375,2026-08-28 19:40:38+00:00,769.3499755859375,2026-08-30,-0.08451530487345131,769.632688279268,0.03567413709659071,0.20114842027425767
2026-09-30,0.08493150684931507,P,708.0,1.44,1.46,1.45,0.020000000000000018,156.0,760,0.1959308923339844,2026-08-28 17:25:22+00:00,769.3499755859375,2026-08-30,-0.0831018770763043,769.632688279268,0.03567413709659071,0.19953941673040393
2026-09-30,0.08493150684931507,P,709.0,1.48,1.5,1.49,0.020000000000000018,267.0,746,0.19458813232421873,2026-08-28 19:59:18+00:00,769.3499755859375,2026-08-30,-0.08169044423789655,769.632688279268,0.03567413709659071,0.1982224175333977
2026-09-30,0.08493150684931507,P,710.0,1.52,1.54,1.53,0.020000000000000018,665.0,3597,0.19324537231445313,2026-08-28 20:10:17+00:00,769.3499755859375,2026-08-30,-0.08028100073466295,769.632688279268,0.03567413709659071,0.1968637034296989
2026-09-30,0.08493150684931507,P,711.0,1.55,1.57,1.56,0.020000000000000018,1.0,569,0.19159743957519532,2026-08-28 19:02:53+00:00,769.3499755859375,2026-08-30,-0.07887354096678317,769.632688279268,0.03567413709659071,0.19515696781873698
2026-09-30,0.08493150684931507,P,712.0,1.59,1.61,1.6,0.020000000000000018,11.0,354,0.19013261047363283,2026-08-28 20:12:43+00:00,769.3499755859375,2026-08-30,-0.07746805935804828,769.632688279268,0.03567413709659071,0.19372435873746868
2026-09-30,0.08493150684931507,P,713.0,1.63,1.65,1.64,0.020000000000000018,78.0,561,0.18869829864501952,2026-08-28 19:51:39+00:00,769.3499755859375,2026-08-30,-0.07606455035572811,769.632688279268,0.03567413709659071,0.19225241845846175
2026-09-30,0.08493150684931507,P,714.0,1.67,1.7,1.685,0.030000000000000027,15.0,326,0.187508125,2026-08-28 19:51:53+00:00,769.3499755859375,2026-08-30,-0.07466300843043966,769.632688279268,0.03567413709659071,0.19088774508237838
2026-09-30,0.08493150684931507,P,715.0,1.72,1.74,1.73,0.020000000000000018,210.0,1801,0.1859212268066406,2026-08-28 20:13:57+00:00,769.3499755859375,2026-08-30,-0.07326342807601638,769.632688279268,0.03567413709659071,0.1894795690178871
2026-09-30,0.08493150684931507,P,716.0,1.76,1.79,1.775,0.030000000000000027,10.0,133,0.1846395013427734,2026-08-28 19:02:53+00:00,769.3499755859375,2026-08-30,-0.07186580380937842,769.632688279268,0.03567413709659071,0.18802908211946484
2026-09-30,0.08493150684931507,P,717.0,1.81,1.83,1.82,0.020000000000000018,135.0,383,0.18305260314941402,2026-08-28 16:52:50+00:00,769.3499755859375,2026-08-30,-0.07047013017040367,769.632688279268,0.03567413709659071,0.18653747624158856
2026-09-30,0.08493150684931507,P,718.0,1.86,1.88,1.87,0.019999999999999796,5.0,345,0.18164880859375,2026-08-28 17:02:08+00:00,769.3499755859375,2026-08-30,-0.06907640172179985,769.632688279268,0.03567413709659071,0.18513883501291273
2026-09-30,0.08493150684931507,P,719.0,1.91,1.93,1.92,0.020000000000000018,135.0,445,0.1801839794921875,2026-08-28 19:59:18+00:00,769.3499755859375,2026-08-30,-0.06768461304897734,769.632688279268,0.03567413709659071,0.1836949033141136
2026-09-30,0.08493150684931507,P,720.0,1.96,1.98,1.97,0.020000000000000018,882.0,10920,0.178719150390625,2026-08-28 20:12:01+00:00,769.3499755859375,2026-08-30,-0.06629475875992302,769.632688279268,0.03567413709659071,0.1822068729996681
2026-09-30,0.08493150684931507,P,721.0,2.01,2.04,2.025,0.03000000000000025,232.0,296,0.1774374249267578,2026-08-28 16:49:06+00:00,769.3499755859375,2026-08-30,-0.06490683348507495,769.632688279268,0.03567413709659071,0.18080048471689225
2026-09-30,0.08493150684931507,P,722.0,2.07,2.1,2.085,0.03000000000000025,20.0,221,0.17612518218994144,2026-08-28 20:12:43+00:00,769.3499755859375,2026-08-30,-0.06352083187719779,769.632688279268,0.03567413709659071,0.1794691832661629
2026-09-30,0.08493150684931507,P,723.0,2.13,2.16,2.145,0.03000000000000025,18.0,170,0.17475190490722659,2026-08-28 17:45:33+00:00,769.3499755859375,2026-08-30,-0.062136748611259326,769.632688279268,0.03567413709659071,0.17808603614568708
2026-09-30,0.08493150684931507,P,724.0,2.19,2.22,2.205,0.03000000000000025,45.0,268,0.1733481103515625,2026-08-28 18:48:49+00:00,769.3499755859375,2026-08-30,-0.060754578384307645,769.632688279268,0.03567413709659071,0.17665283113718033
2026-09-30,0.08493150684931507,P,725.0,2.25,2.28,2.2649999999999997,0.029999999999999805,516.0,18383,0.1718527639770508,2026-08-28 20:00:25+00:00,769.3499755859375,2026-08-30,-0.05937431591534923,769.632688279268,0.03567413709659071,0.1751707600951195
2026-09-30,0.08493150684931507,P,726.0,2.32,2.35,2.335,0.03000000000000025,5.0,302,0.17054052124023442,2026-08-28 19:58:25+00:00,769.3499755859375,2026-08-30,-0.05799595594522804,769.632688279268,0.03567413709659071,0.17386448758840561
2026-09-30,0.08493150684931507,P,727.0,2.39,2.41,2.4000000000000004,0.020000000000000018,17.0,145,0.16898414031982423,2026-08-28 19:48:45+00:00,769.3499755859375,2026-08-30,-0.05661949323650475,769.632688279268,0.03567413709659071,0.17239195138216018
2026-09-30,0.08493150684931507,P,728.0,2.46,2.49,2.475,0.03000000000000025,109.0,256,0.16779396667480473,2026-08-28 20:01:05+00:00,769.3499755859375,2026-08-30,-0.05524492257333815,769.632688279268,0.03567413709659071,0.1710832951664925
2026-09-30,0.08493150684931507,P,729.0,2.53,2.56,2.545,0.03000000000000025,28.0,1177,0.16632913757324225,2026-08-28 19:28:11+00:00,769.3499755859375,2026-08-30,-0.053872238761365966,769.632688279268,0.03567413709659071,0.16961075896024708
2026-09-30,0.08493150684931507,P,730.0,2.61,2.64,2.625,0.03000000000000025,4794.0,21542,0.1650168948364258,2026-08-28 20:14:34+00:00,769.3499755859375,2026-08-30,-0.0525014366275873,769.632688279268,0.03567413709659071,0.1682907801270485
2026-09-30,0.08493150684931507,P,731.0,2.69,2.72,2.705,0.03000000000000025,44.0,175,0.16364361755371098,2026-08-28 19:58:02+00:00,769.3499755859375,2026-08-30,-0.0511325110202456,769.632688279268,0.03567413709659071,0.16691061264276508
2026-09-30,0.08493150684931507,P,732.0,2.77,2.8,2.785,0.029999999999999805,70.0,1158,0.16220930572509767,2026-08-28 19:19:46+00:00,769.3499755859375,2026-08-30,-0.04976545680871255,769.632688279268,0.03567413709659071,0.16547085243463516
2026-09-30,0.08493150684931507,P,733.0,2.86,2.89,2.875,0.03000000000000025,465.0,359,0.16089706298828127,2026-08-28 19:59:13+00:00,769.3499755859375,2026-08-30,-0.04840026888337261,769.632688279268,0.03567413709659071,0.16416577178239822
2026-09-30,0.08493150684931507,P,734.0,2.95,2.98,2.965,0.029999999999999805,76.0,974,0.1595543029785156,2026-08-28 19:22:24+00:00,769.3499755859375,2026-08-30,-0.04703694215550852,769.632688279268,0.03567413709659071,0.16279573506116868
2026-09-30,0.08493150684931507,P,735.0,3.04,3.07,3.0549999999999997,0.029999999999999805,314.0,6244,0.15811999114990233,2026-08-28 19:56:34+00:00,769.3499755859375,2026-08-30,-0.045675471557187416,769.632688279268,0.03567413709659071,0.16136193412542338
2026-09-30,0.08493150684931507,P,736.0,3.14,3.17,3.1550000000000002,0.029999999999999805,128.0,383,0.15680774841308598,2026-08-28 16:09:28+00:00,769.3499755859375,2026-08-30,-0.04431585204114785,769.632688279268,0.03567413709659071,0.16004672271013254
2026-09-30,0.08493150684931507,P,737.0,3.24,3.27,3.255,0.029999999999999805,24.0,703,0.1554039538574219,2026-08-28 20:05:54+00:00,769.3499755859375,2026-08-30,-0.04295807858068749,769.632688279268,0.03567413709659071,0.15866238373517988
2026-09-30,0.08493150684931507,P,738.0,3.35,3.38,3.365,0.029999999999999805,113.0,468,0.15415274566650394,2026-08-28 18:51:59+00:00,769.3499755859375,2026-08-30,-0.04160214616955159,769.632688279268,0.03567413709659071,0.15738411980867384
2026-09-30,0.08493150684931507,P,739.0,3.46,3.49,3.475,0.03000000000000025,31.0,591,0.1528099856567383,2026-08-28 20:05:54+00:00,769.3499755859375,2026-08-30,-0.04024804982182231,769.632688279268,0.03567413709659071,0.1560325568318367
2026-09-30,0.08493150684931507,P,740.0,3.57,3.6,3.585,0.03000000000000025,1418.0,12724,0.15137567382812503,2026-08-28 20:12:04+00:00,769.3499755859375,2026-08-30,-0.038895784571808645,769.632688279268,0.03567413709659071,0.1546082907319069
2026-09-30,0.08493150684931507,P,741.0,3.69,3.72,3.705,0.03000000000000025,27.0,258,0.1500634310913086,2026-08-28 20:04:28+00:00,769.3499755859375,2026-08-30,-0.03754534547393719,769.632688279268,0.03567413709659071,0.15327698928117756
2026-09-30,0.08493150684931507,P,742.0,3.82,3.85,3.835,0.03000000000000025,120.0,382,0.14881222290039062,2026-08-28 19:38:30+00:00,769.3499755859375,2026-08-30,-0.03619672760264363,769.632688279268,0.03567413709659071,0.15202971357107165
2026-09-30,0.08493150684931507,P,743.0,3.95,3.98,3.965,0.029999999999999805,32.0,448,0.147469462890625,2026-08-28 19:35:02+00:00,769.3499755859375,2026-08-30,-0.034849926052264904,769.632688279268,0.03567413709659071,0.15070079582929613
2026-09-30,0.08493150684931507,P,744.0,4.08,4.12,4.1,0.040000000000000036,122.0,330,0.146218254699707,2026-08-28 19:52:39+00:00,769.3499755859375,2026-08-30,-0.033504935936932205,769.632688279268,0.03567413709659071,0.14936830252408984
2026-09-30,0.08493150684931507,P,745.0,4.22,4.26,4.24,0.040000000000000036,525.0,2975,0.14487549468994143,2026-08-28 20:10:24+00:00,769.3499755859375,2026-08-30,-0.03216175239046455,769.632688279268,0.03567413709659071,0.14802984994649887
2026-09-30,0.08493150684931507,P,746.0,4.37,4.41,4.390000000000001,0.040000000000000036,89.0,512,0.1435937692260742,2026-08-28 19:52:39+00:00,769.3499755859375,2026-08-30,-0.030820370566263213,769.632688279268,0.03567413709659071,0.14675575751066205
2026-09-30,0.08493150684931507,P,747.0,4.53,4.56,4.545,0.02999999999999936,121.0,628,0.14225100921630857,2026-08-28 17:29:45+00:00,769.3499755859375,2026-08-30,-0.029480785637206755,769.632688279268,0.03567413709659071,0.14546617096662517
2026-09-30,0.08493150684931507,P,748.0,4.69,4.73,4.710000000000001,0.040000000000000036,159.0,922,0.14106083557128907,2026-08-28 19:06:53+00:00,769.3499755859375,2026-08-30,-0.028142992795546815,769.632688279268,0.03567413709659071,0.1442296219468116
2026-09-30,0.08493150684931507,P,749.0,4.86,4.9,4.880000000000001,0.040000000000000036,278.0,791,0.13980962738037112,2026-08-28 19:22:03+00:00,769.3499755859375,2026-08-30,-0.026806987252804577,769.632688279268,0.03567413709659071,0.14296983176469802
2026-09-30,0.08493150684931507,P,750.0,5.04,5.07,5.055,0.03000000000000025,5758.0,6221,0.13845160873413087,2026-08-28 20:14:58+00:00,769.3499755859375,2026-08-30,-0.025472764239667926,769.632688279268,0.03567413709659071,0.14168322485685347
2026-09-30,0.08493150684931507,P,751.0,5.22,5.26,5.24,0.040000000000000036,71.0,642,0.13727669372558599,2026-08-28 20:01:05+00:00,769.3499755859375,2026-08-30,-0.024140319005889303,769.632688279268,0.03567413709659071,0.14043535321950912
2026-09-30,0.08493150684931507,P,752.0,5.41,5.45,5.43,0.040000000000000036,37.0,316,0.13597970962524414,2026-08-28 19:10:41+00:00,769.3499755859375,2026-08-30,-0.022809646820184222,769.632688279268,0.03567413709659071,0.13915410965681074
2026-09-30,0.08493150684931507,P,753.0,5.62,5.65,5.635,0.03000000000000025,116.0,603,0.13471324279785157,2026-08-28 19:43:31+00:00,769.3499755859375,2026-08-30,-0.021480742970130466,769.632688279268,0.03567413709659071,0.1379676185250282
2026-09-30,0.08493150684931507,P,754.0,5.83,5.87,5.85,0.040000000000000036,24279.0,20281,0.1336146209716797,2026-08-28 19:09:24+00:00,769.3499755859375,2026-08-30,-0.020153602762067967,769.632688279268,0.03567413709659071,0.13680317670106884
2026-09-30,0.08493150684931507,P,755.0,6.05,6.09,6.07,0.040000000000000036,603.0,3643,0.13239393005371097,2026-08-28 20:14:29+00:00,769.3499755859375,2026-08-30,-0.018828221520999333,769.632688279268,0.03567413709659071,0.13559106069803234
2026-09-30,0.08493150684931507,P,756.0,6.28,6.32,6.300000000000001,0.040000000000000036,232.0,1702,0.1311732391357422,2026-08-28 19:55:16+00:00,769.3499755859375,2026-08-30,-0.017504594590491036,769.632688279268,0.03567413709659071,0.1343926510214805
2026-09-30,0.08493150684931507,P,757.0,6.52,6.56,6.539999999999999,0.040000000000000036,287.0,2642,0.12998306549072264,2026-08-28 19:35:02+00:00,769.3499755859375,2026-08-30,-0.016182717332575255,769.632688279268,0.03567413709659071,0.13320258432626725
2026-09-30,0.08493150684931507,P,758.0,6.77,6.81,6.789999999999999,0.040000000000000036,203.0,195,0.12877763320922853,2026-08-28 19:53:20+00:00,769.3499755859375,2026-08-30,-0.014862585127652372,769.632688279268,0.03567413709659071,0.13201668912172315
2026-09-30,0.08493150684931507,P,759.0,7.03,7.08,7.055,0.04999999999999982,104.0,391,0.12769427001953126,2026-08-28 19:53:20+00:00,769.3499755859375,2026-08-30,-0.0135441933743941,769.632688279268,0.03567413709659071,0.1308897907137871
2026-09-30,0.08493150684931507,P,760.0,7.31,7.35,7.33,0.040000000000000036,1234.0,2891,0.12647357910156248,2026-08-28 19:59:04+00:00,769.3499755859375,2026-08-30,-0.01222753748964726,769.632688279268,0.03567413709659071,0.12975633710622786
2026-09-30,0.08493150684931507,P,761.0,7.6,7.64,7.619999999999999,0.040000000000000036,22062.0,208,0.12537495727539064,2026-08-28 20:04:43+00:00,769.3499755859375,2026-08-30,-0.010912612908338185,769.632688279268,0.03567413709659071,0.12867055767774582
2026-09-30,0.08493150684931507,P,762.0,7.9,7.94,7.92,0.040000000000000036,276.0,292,0.12424581817626953,2026-08-28 20:14:01+00:00,769.3499755859375,2026-08-30,-0.009599415083377744,769.632688279268,0.03567413709659071,0.12756868821382522
2026-09-30,0.08493150684931507,P,763.0,8.21,8.26,8.235,0.049999999999998934,198.0,464,0.12322348953247073,2026-08-28 19:55:50+00:00,769.3499755859375,2026-08-30,-0.00828793948556701,769.632688279268,0.03567413709659071,0.12650436216592786
2026-09-30,0.08493150684931507,P,764.0,8.54,8.58,8.559999999999999,0.040000000000000924,155.0,437,0.12204857452392578,2026-08-28 20:11:18+00:00,769.3499755859375,2026-08-30,-0.0069781816035035206,769.632688279268,0.03567413709659071,0.12541441124677655
2026-09-30,0.08493150684931507,P,765.0,8.88,8.93,8.905000000000001,0.049999999999998934,1111.0,1371,0.12107202178955079,2026-08-28 20:14:29+00:00,769.3499755859375,2026-08-30,-0.005670136943488171,769.632688279268,0.03567413709659071,0.12441027384996414
2026-09-30,0.08493150684931507,P,766.0,9.23,9.28,9.254999999999999,0.049999999999998934,228.0,394,0.11994288269042967,2026-08-28 20:13:45+00:00,769.3499755859375,2026-08-30,-0.004363801029432819,769.632688279268,0.03567413709659071,0.12331436365842818
2026-09-30,0.08493150684931507,P,767.0,9.61,9.66,9.635,0.05000000000000071,97.0,587,0.11899684722900389,2026-08-28 19:36:08+00:00,769.3499755859375,2026-08-30,-0.0030591694027679284,769.632688279268,0.03567413709659071,0.12240736240148543
2026-09-30,0.08493150684931507,P,768.0,10.0,10.04,10.02,0.03999999999999915,470.0,231,0.11789822540283201,2026-08-28 20:14:56+00:00,769.3499755859375,2026-08-30,-0.0017562376223519457,769.632688279268,0.03567413709659071,0.12140084129571913
2026-09-30,0.08493150684931507,P,769.0,10.4,10.45,10.425,0.049999999999998934,633.0,329,0.11698270721435547,2026-08-28 20:06:10+00:00,769.3499755859375,2026-08-30,-0.00045500126438013493,769.632688279268,0.03567413709659071,0.12046046811342237
2026-10-30,0.16712328767123288,C,770.0,18.06,18.12,18.09,0.060000000000002274,106.0,3418,0.14571471969604488,2026-08-28 20:12:46+00:00,769.3499755859375,2026-08-30,0.0008445440777054266,772.4446128422348,0.01597978772890515,0.1348646253943443
2026-10-30,0.16712328767123288,C,771.0,17.46,17.51,17.485,0.05000000000000071,39.0,206,0.14466187377929687,2026-08-28 19:27:28+00:00,769.3499755859375,2026-08-30,0.0021424027933054967,772.4446128422348,0.01597978772890515,0.1340553562045097
2026-10-30,0.16712328767123288,C,772.0,16.87,16.92,16.895000000000003,0.05000000000000071,112.0,61,0.1437158383178711,2026-08-28 19:35:04+00:00,769.3499755859375,2026-08-30,0.00343857925475207,772.4446128422348,0.01597978772890515,0.13329256933927536
2026-10-30,0.16712328767123288,C,773.0,16.28,16.34,16.310000000000002,0.05999999999999872,199.0,80,0.1427698028564453,2026-08-28 19:42:16+00:00,769.3499755859375,2026-08-30,0.004733077817397974,772.4446128422348,0.01597978772890515,0.13249641054868694
2026-10-30,0.16712328767123288,C,774.0,15.71,15.76,15.735,0.049999999999998934,80.0,627,0.1417627328491211,2026-08-28 19:55:42+00:00,769.3499755859375,2026-08-30,0.00602590281970302,772.4446128422348,0.01597978772890515,0.1317050191760063
2026-10-30,0.16712328767123288,C,775.0,15.15,15.21,15.18,0.0600000000000005,164.0,5222,0.140908249206543,2026-08-28 19:33:33+00:00,769.3499755859375,2026-08-30,0.007317058583323013,772.4446128422348,0.01597978772890515,0.13099705761671065
2026-10-30,0.16712328767123288,C,776.0,14.6,14.66,14.629999999999999,0.0600000000000005,2.0,151,0.13999273101806642,2026-08-28 18:50:01+00:00,769.3499755859375,2026-08-30,0.00860654941319466,772.4446128422348,0.01597978772890515,0.13025155264139177
2026-10-30,0.16712328767123288,C,777.0,14.07,14.12,14.094999999999999,0.049999999999998934,7.0,297,0.13906195419311523,2026-08-28 15:01:47+00:00,769.3499755859375,2026-08-30,0.009894379597623465,772.4446128422348,0.01597978772890515,0.1295483585000038
2026-10-30,0.16712328767123288,C,778.0,13.54,13.6,13.57,0.0600000000000005,5.0,827,0.13823798782348634,2026-08-28 19:44:28+00:00,769.3499755859375,2026-08-30,0.011180553408367518,772.4446128422348,0.01597978772890515,0.12884576028585437
2026-10-30,0.16712328767123288,C,779.0,13.03,13.08,13.055,0.05000000000000071,128.0,399,0.13732246963500983,2026-08-28 19:44:28+00:00,769.3499755859375,2026-08-30,0.012465075100724293,772.4446128422348,0.01597978772890515,0.1281425661444664
2026-10-30,0.16712328767123288,C,780.0,12.53,12.58,12.555,0.05000000000000071,261.0,6362,0.13649850326538088,2026-08-28 19:55:51+00:00,769.3499755859375,2026-08-30,0.013747948913613342,772.4446128422348,0.01597978772890515,0.12747929912805556
2026-10-30,0.16712328767123288,C,781.0,12.04,12.09,12.065,0.05000000000000071,2.0,536,0.13565927825927737,2026-08-28 18:30:05+00:00,769.3499755859375,2026-08-30,0.015029179069662,772.4446128422348,0.01597978772890515,0.12681424432992933
2026-10-30,0.16712328767123288,C,782.0,11.56,11.61,11.585,0.049999999999998934,1.0,326,0.13483531188964848,2026-08-27 19:46:44+00:00,769.3499755859375,2026-08-30,0.01630876977528701,772.4446128422348,0.01597978772890515,0.12614680582284926
2026-10-30,0.16712328767123288,C,783.0,11.09,11.14,11.115,0.05000000000000071,5.0,21183,0.13401134552001953,2026-08-28 13:45:33+00:00,769.3499755859375,2026-08-30,0.01758672522077914,772.4446128422348,0.01597978772890515,0.12547638767957686
2026-10-30,0.16712328767123288,C,784.0,10.64,10.69,10.665,0.049999999999998934,6.0,99,0.13327893096923826,2026-08-28 18:59:10+00:00,769.3499755859375,2026-08-30,0.018863049580383782,772.4446128422348,0.01597978772890515,0.12488463193178173
2026-10-30,0.16712328767123288,C,785.0,10.2,10.25,10.225,0.05000000000000071,1575.0,6718,0.13253125778198244,2026-08-28 20:05:41+00:00,769.3499755859375,2026-08-30,0.020137747012384258,772.4446128422348,0.01597978772890515,0.12428989654779433
2026-10-30,0.16712328767123288,C,786.0,9.77,9.82,9.795,0.05000000000000071,12.0,198,0.13178358459472655,2026-08-28 17:51:04+00:00,769.3499755859375,2026-08-30,0.021410821659182483,772.4446128422348,0.01597978772890515,0.12369158560037613
2026-10-30,0.16712328767123288,C,787.0,9.35,9.4,9.375,0.05000000000000071,48.0,161,0.13103591140747067,2026-08-28 16:21:16+00:00,769.3499755859375,2026-08-30,0.02268227764737906,772.4446128422348,0.01597978772890515,0.12308910316228866
2026-10-30,0.16712328767123288,C,788.0,8.95,9.0,8.975,0.05000000000000071,7.0,247,0.13037979003906247,2026-08-27 19:50:04+00:00,769.3499755859375,2026-08-30,0.02395211908785507,772.4446128422348,0.01597978772890515,0.12256707090139388
2026-10-30,0.16712328767123288,C,789.0,8.56,8.61,8.585,0.049999999999998934,48.0,303,0.12970841003417968,2026-08-28 18:49:08+00:00,769.3499755859375,2026-08-30,0.025220350075850082,772.4446128422348,0.01597978772890515,0.12204265493154524
2026-10-30,0.16712328767123288,C,790.0,8.18,8.22,8.2,0.040000000000000924,93.0,6008,0.12896073684692383,2026-08-28 18:43:40+00:00,769.3499755859375,2026-08-30,0.02648697469104313,772.4446128422348,0.01597978772890515,0.12147056478261946
2026-10-30,0.16712328767123288,C,791.0,7.81,7.86,7.835,0.05000000000000071,15.0,16,0.12839616729736325,2026-08-28 19:35:04+00:00,769.3499755859375,2026-08-30,0.02775199699762972,772.4446128422348,0.01597978772890515,0.12098309630155563
2026-10-30,0.16712328767123288,C,792.0,7.45,7.5,7.475,0.04999999999999982,2.0,24,0.1277247872924805,2026-08-26 15:13:15+00:00,769.3499755859375,2026-08-30,0.02901542104440181,772.4446128422348,0.01597978772890515,0.12044795364141464
2026-10-30,0.16712328767123288,C,793.0,7.11,7.16,7.135,0.04999999999999982,10.0,246,0.1271602177429199,2026-08-28 17:07:58+00:00,769.3499755859375,2026-08-30,0.030277250864823836,772.4446128422348,0.01597978772890515,0.12000100821256637
2026-10-30,0.16712328767123288,C,794.0,6.78,6.82,6.800000000000001,0.040000000000000036,5.0,153,0.1264888377380371,2026-08-28 17:16:09+00:00,769.3499755859375,2026-08-30,0.031537490477111685,772.4446128422348,0.01597978772890515,0.11950698453187941
2026-10-30,0.16712328767123288,C,795.0,6.46,6.5,6.48,0.040000000000000036,51.0,296,0.12592426818847657,2026-08-28 20:05:41+00:00,769.3499755859375,2026-08-30,0.03279614388430776,772.4446128422348,0.01597978772890515,0.11905884724855423
2026-10-30,0.16712328767123288,C,796.0,6.15,6.19,6.17,0.040000000000000036,2.0,109,0.12535969863891605,2026-08-28 18:34:30+00:00,769.3499755859375,2026-08-30,0.03405321507435898,772.4446128422348,0.01597978772890515,0.11861130589246752
2026-10-30,0.16712328767123288,C,797.0,5.85,5.89,5.869999999999999,0.040000000000000036,2.0,1726,0.12479512908935547,2026-08-28 19:32:56+00:00,769.3499755859375,2026-08-30,0.0353087080201909,772.4446128422348,0.01597978772890515,0.1181649563908577
2026-10-30,0.16712328767123288,C,798.0,5.56,5.61,5.585,0.05000000000000071,24.0,196,0.1243373699951172,2026-08-28 19:55:59+00:00,769.3499755859375,2026-08-30,0.036562626679784736,772.4446128422348,0.01597978772890515,0.11777045255899428
2026-10-30,0.16712328767123288,C,799.0,5.29,5.33,5.3100000000000005,0.040000000000000036,5.0,485,0.12380331771850586,2026-08-28 20:03:17+00:00,769.3499755859375,2026-08-30,0.037814974996250535,772.4446128422348,0.01597978772890515,0.11738131207227707
2026-10-30,0.16712328767123288,C,800.0,5.02,5.06,5.039999999999999,0.040000000000000036,9876.0,6347,0.12325400680541992,2026-08-28 19:54:32+00:00,769.3499755859375,2026-08-30,0.03906575689790327,772.4446128422348,0.01597978772890515,0.11694688111543655
2026-10-30,0.16712328767123288,C,801.0,4.77,4.81,4.789999999999999,0.040000000000000036,4.0,784,0.12284202362060548,2026-08-28 17:58:47+00:00,769.3499755859375,2026-08-30,0.040314976298335095,772.4446128422348,0.01597978772890515,0.11662388855218886
2026-10-30,0.16712328767123288,C,802.0,4.52,4.56,4.539999999999999,0.040000000000000036,1.0,416,0.12232322998046877,2026-08-28 18:56:43+00:00,769.3499755859375,2026-08-30,0.041562637096490475,772.4446128422348,0.01597978772890515,0.11620554763078689
2026-10-30,0.16712328767123288,C,803.0,4.29,4.33,4.3100000000000005,0.040000000000000036,6.0,2326,0.1219265054321289,2026-08-28 16:21:38+00:00,769.3499755859375,2026-08-30,0.04280874317673755,772.4446128422348,0.01597978772890515,0.1159063921570778
2026-10-30,0.16712328767123288,C,804.0,4.07,4.1,4.085,0.02999999999999936,3.0,802,0.1214382290649414,2026-08-28 16:34:40+00:00,769.3499755859375,2026-08-30,0.04405329840894236,772.4446128422348,0.01597978772890515,0.11556790548563003
2026-10-30,0.16712328767123288,C,805.0,3.85,3.89,3.87,0.040000000000000036,28.0,891,0.12107202178955079,2026-08-28 19:15:41+00:00,769.3499755859375,2026-08-30,0.04529630664853925,772.4446128422348,0.01597978772890515,0.11524670070409776
2026-10-30,0.16712328767123288,C,806.0,3.64,3.68,3.66,0.040000000000000036,1.0,292,0.1206142626953125,2026-08-27 14:11:54+00:00,769.3499755859375,2026-08-30,0.04653777173660428,772.4446128422348,0.01597978772890515,0.1148867606520653
2026-10-30,0.16712328767123288,C,807.0,3.45,3.49,3.47,0.040000000000000036,7.0,687,0.1203243486022949,2026-08-28 13:49:38+00:00,769.3499755859375,2026-08-30,0.047777697499924686,772.4446128422348,0.01597978772890515,0.11466865128278733
2026-10-30,0.16712328767123288,C,808.0,3.26,3.3,3.28,0.040000000000000036,22.0,1049,0.11992762405395507,2026-08-28 15:05:07+00:00,769.3499755859375,2026-08-30,0.04901608775107138,772.4446128422348,0.01597978772890515,0.11435698133707048
2026-10-30,0.16712328767123288,C,809.0,3.08,3.12,3.1,0.040000000000000036,7.0,506,0.11956141677856444,2026-08-28 15:25:52+00:00,769.3499755859375,2026-08-30,0.05025294628846758,772.4446128422348,0.01597978772890515,0.11407331997156143
2026-10-30,0.16712328767123288,C,810.0,2.91,2.95,2.93,0.040000000000000036,59.0,2644,0.11924098541259764,2026-08-28 19:50:29+00:00,769.3499755859375,2026-08-30,0.051488276896460454,772.4446128422348,0.01597978772890515,0.11382362645864487
2026-10-30,0.16712328767123288,C,811.0,2.75,2.78,2.7649999999999997,0.029999999999999805,1.0,406,0.11881374359130858,2026-08-27 13:44:05+00:00,769.3499755859375,2026-08-30,0.052722083345388825,772.4446128422348,0.01597978772890515,0.11354473251104355
2026-10-30,0.16712328767123288,C,812.0,2.59,2.63,2.61,0.040000000000000036,4.0,98,0.11856960540771484,2026-08-28 18:56:43+00:00,769.3499755859375,2026-08-30,0.05395436939165396,772.4446128422348,0.01597978772890515,0.11330576568841934
2026-10-30,0.16712328767123288,C,813.0,2.44,2.48,2.46,0.040000000000000036,2.0,69,0.11823391540527343,2026-08-28 19:36:04+00:00,769.3499755859375,2026-08-30,0.0551851387777865,772.4446128422348,0.01597978772890515,0.11304236584901811
2026-10-30,0.16712328767123288,C,814.0,2.3,2.34,2.32,0.040000000000000036,51.0,195,0.11795925994873047,2026-08-28 18:22:49+00:00,769.3499755859375,2026-08-30,0.05641439523251631,772.4446128422348,0.01597978772890515,0.11282783204317093
2026-10-30,0.16712328767123288,C,815.0,2.17,2.2,2.185,0.03000000000000025,50.0,496,0.11756253540039063,2026-08-28 19:41:07+00:00,769.3499755859375,2026-08-30,0.05764214247083862,772.4446128422348,0.01597978772890515,0.11259363263845444
2026-10-30,0.16712328767123288,C,816.0,2.04,2.08,2.06,0.040000000000000036,1.0,78,0.11740994903564453,2026-08-28 18:59:10+00:00,769.3499755859375,2026-08-30,0.05886838419408303,772.4446128422348,0.01597978772890515,0.11242021781206132
2026-10-30,0.16712328767123288,C,817.0,1.92,1.95,1.935,0.030000000000000027,1228.0,16,0.11698270721435547,2026-08-28 19:48:31+00:00,769.3499755859375,2026-08-30,0.0600931240899788,772.4446128422348,0.01597978772890515,0.11215205055475234
2026-10-30,0.16712328767123288,C,818.0,1.81,1.84,1.8250000000000002,0.030000000000000027,5.0,69,0.11683012084960936,2026-08-28 19:55:59+00:00,769.3499755859375,2026-08-30,0.061316365832723076,772.4446128422348,0.01597978772890515,0.11203763252496719
2026-10-30,0.16712328767123288,C,819.0,1.7,1.73,1.7149999999999999,0.030000000000000027,2.0,130,0.11655546539306641,2026-08-27 14:03:31+00:00,769.3499755859375,2026-08-30,0.06253811308304534,772.4446128422348,0.01597978772890515,0.11183263355493546
2026-10-30,0.16712328767123288,C,820.0,1.6,1.63,1.615,0.029999999999999805,46.0,864,0.1163723617553711,2026-08-28 19:03:36+00:00,769.3499755859375,2026-08-30,0.06375836948827483,772.4446128422348,0.01597978772890515,0.11171225625276565
2026-10-30,0.16712328767123288,C,821.0,1.5,1.53,1.5150000000000001,0.030000000000000027,84.0,56,0.11609770629882812,2026-08-28 14:50:32+00:00,769.3499755859375,2026-08-30,0.06497713868240415,772.4446128422348,0.01597978772890515,0.1115007020831108
2026-10-30,0.16712328767123288,C,822.0,1.41,1.44,1.4249999999999998,0.030000000000000027,10.0,53,0.11594511993408202,2026-08-28 17:24:48+00:00,769.3499755859375,2026-08-30,0.06619442428615595,772.4446128422348,0.01597978772890515,0.11138747590780258
2026-10-30,0.16712328767123288,C,823.0,1.33,1.36,1.3450000000000002,0.030000000000000027,1.0,49,0.1158840853881836,2026-08-27 15:02:40+00:00,769.3499755859375,2026-08-30,0.06741022990704575,772.4446128422348,0.01597978772890515,0.11138687998056411
2026-10-30,0.16712328767123288,C,824.0,1.25,1.28,1.2650000000000001,0.030000000000000027,3.0,236,0.11576201629638672,2026-08-28 18:22:49+00:00,769.3499755859375,2026-08-30,0.06862455913944752,772.4446128422348,0.01597978772890515,0.11130404609441757
2026-10-30,0.16712328767123288,C,825.0,1.17,1.2,1.185,0.030000000000000027,8.0,284,0.1155483953857422,2026-08-28 15:18:18+00:00,769.3499755859375,2026-08-30,0.06983741556465692,772.4446128422348,0.01597978772890515,0.11113241904973983
2026-10-30,0.16712328767123288,C,826.0,1.1,1.13,1.115,0.029999999999999805,1.0,34,0.11545684356689453,2026-08-28 16:40:18+00:00,769.3499755859375,2026-08-30,0.0710488027509539,772.4446128422348,0.01597978772890515,0.1110942797064781
2026-10-30,0.16712328767123288,C,827.0,1.04,1.06,1.05,0.020000000000000018,23.0,42,0.11530425720214844,2026-08-28 19:21:38+00:00,769.3499755859375,2026-08-30,0.07225872425366726,772.4446128422348,0.01597978772890515,0.11109010821580885
2026-10-30,0.16712328767123288,C,828.0,0.97,1.0,0.985,0.030000000000000027,1.0,29,0.11530425720214844,2026-08-27 13:30:52+00:00,769.3499755859375,2026-08-30,0.07346718361523553,772.4446128422348,0.01597978772890515,0.11100369876623152
2026-10-30,0.16712328767123288,C,829.0,0.92,0.94,0.9299999999999999,0.019999999999999907,5.0,65,0.11518218811035157,2026-08-28 17:55:07+00:00,769.3499755859375,2026-08-30,0.07467418436527093,772.4446128422348,0.01597978772890515,0.111087724506855
2026-10-30,0.16712328767123288,C,830.0,0.86,0.89,0.875,0.030000000000000027,9693.0,9906,0.11530425720214844,2026-08-28 19:50:29+00:00,769.3499755859375,2026-08-30,0.07587973002061946,772.4446128422348,0.01597978772890515,0.11109666341543196
2026-10-30,0.16712328767123288,C,831.0,0.81,0.84,0.825,0.029999999999999916,5.0,6,0.11536529174804688,2026-08-27 19:31:05+00:00,769.3499755859375,2026-08-30,0.07708382408542415,772.4446128422348,0.01597978772890515,0.11116579097509384
2026-10-30,0.16712328767123288,C,832.0,0.76,0.79,0.775,0.030000000000000027,2.0,693,0.11530425720214844,2026-08-28 14:58:05+00:00,769.3499755859375,2026-08-30,0.07828647005118444,772.4446128422348,0.01597978772890515,0.11115923577547074
2026-10-30,0.16712328767123288,C,833.0,0.72,0.74,0.73,0.020000000000000018,1.0,103,0.11518218811035157,2026-08-28 15:51:31+00:00,769.3499755859375,2026-08-30,0.07948767139681864,772.4446128422348,0.01597978772890515,0.11122359591722489
2026-10-30,0.16712328767123288,C,834.0,0.68,0.7,0.69,0.019999999999999907,1.0,110,0.11530425720214844,2026-08-28 15:00:54+00:00,769.3499755859375,2026-08-30,0.08068743158872262,772.4446128422348,0.01597978772890515,0.1113719817996025
2026-10-30,0.16712328767123288,C,835.0,0.64,0.66,0.65,0.020000000000000018,7.0,440,0.11536529174804688,2026-08-28 19:18:09+00:00,769.3499755859375,2026-08-30,0.08188575408083144,772.4446128422348,0.01597978772890515,0.11145302790403366
2026-10-30,0.16712328767123288,C,840.0,0.48,0.5,0.49,0.020000000000000018,249.0,717,0.11603667175292968,2026-08-28 19:51:56+00:00,769.3499755859375,2026-08-30,0.08785592106733517,772.4446128422348,0.01597978772890515,0.11227421563863753
2026-10-30,0.16712328767123288,C,845.0,0.37,0.39,0.38,0.020000000000000018,67.0,467,0.11737943176269532,2026-08-28 17:56:11+00:00,769.3499755859375,2026-08-30,0.09379065658714984,772.4446128422348,0.01597978772890515,0.11371099621057511
2026-10-30,0.16712328767123288,C,850.0,0.29,0.3,0.295,0.010000000000000009,48.0,1951,0.11853908813476563,2026-08-28 19:53:46+00:00,769.3499755859375,2026-08-30,0.09969037871433804,772.4446128422348,0.01597978772890515,0.11516625052690507
2026-10-30,0.16712328767123288,C,855.0,0.23,0.24,0.235,0.009999999999999981,12.0,959,0.12024805541992187,2026-08-28 19:19:24+00:00,769.3499755859375,2026-08-30,0.10555549816673623,772.4446128422348,0.01597978772890515,0.11704938060045242
2026-10-30,0.16712328767123288,C,860.0,0.19,0.2,0.195,0.010000000000000009,2.0,1614,0.12281150634765625,2026-08-28 16:52:53+00:00,769.3499755859375,2026-08-30,0.11138641847752935,772.4446128422348,0.01597978772890515,0.11954989129304885
2026-10-30,0.16712328767123288,C,865.0,0.15,0.16,0.155,0.010000000000000009,2.0,835,0.12439840454101564,2026-08-28 14:04:28+00:00,769.3499755859375,2026-08-30,0.11718353616185516,772.4446128422348,0.01597978772890515,0.12127212101221083
2026-10-30,0.16712328767123288,C,870.0,0.13,0.14,0.135,0.010000000000000009,13.0,515,0.1274501318359375,2026-08-28 16:51:07+00:00,769.3499755859375,2026-08-30,0.12294724087860535,772.4446128422348,0.01597978772890515,0.12436617523431777
2026-10-30,0.16712328767123288,C,875.0,0.1,0.12,0.11,0.01999999999999999,2.0,374,0.13013565185546871,2026-08-24 19:47:47+00:00,769.3499755859375,2026-08-30,0.12867791558759029,772.4446128422348,0.01597978772890515,0.12633035141229632
2026-10-30,0.16712328767123288,C,880.0,0.09,0.1,0.095,0.010000000000000009,1.0,518,0.13233289550781252,2026-08-27 14:38:56+00:00,769.3499755859375,2026-08-30,0.13437593670222814,772.4446128422348,0.01597978772890515,0.12910200899839402
2026-10-30,0.16712328767123288,C,885.0,0.07,0.09,0.08,0.01999999999999999,1.0,270,0.1355066918945313,2026-08-26 19:03:50+00:00,769.3499755859375,2026-08-30,0.14004167423790542,772.4446128422348,0.01597978772890515,0.13141063112020496
2026-10-30,0.16712328767123288,C,900.0,0.05,0.06,0.055,0.009999999999999995,21.0,1400,0.1430749755859375,2026-08-28 17:17:50+00:00,769.3499755859375,2026-08-30,0.15684879255428677,772.4446128422348,0.01597978772890515,0.1399157046675682
2026-10-30,0.16712328767123288,P,605.0,0.97,0.98,0.975,0.010000000000000009,10.0,550,0.3083565258789062,2026-08-28 15:53:13+00:00,769.3499755859375,2026-08-30,-0.24031751273918253,772.4446128422348,0.01597978772890515,0.3151790973544121
2026-10-30,0.16712328767123288,P,610.0,1.02,1.04,1.03,0.020000000000000018,4.0,514,0.30249720947265624,2026-08-28 17:02:53+00:00,769.3499755859375,2026-08-30,-0.2320870136026672,772.4446128422348,0.01597978772890515,0.3090064830183983
2026-10-30,0.16712328767123288,P,615.0,1.09,1.1,1.0950000000000002,0.010000000000000009,13.0,302,0.29633272033691405,2026-08-28 18:59:15+00:00,769.3499755859375,2026-08-30,-0.22392370296350625,772.4446128422348,0.01597978772890515,0.3031485182642937
2026-10-30,0.16712328767123288,P,620.0,1.15,1.17,1.16,0.020000000000000018,4.0,1645,0.290473403930664,2026-08-28 17:10:07+00:00,769.3499755859375,2026-08-30,-0.21582649273088686,772.4446128422348,0.01597978772890515,0.29707721155881883
2026-10-30,0.16712328767123288,P,625.0,1.22,1.24,1.23,0.020000000000000018,4.0,791,0.28443098388671867,2026-08-28 15:41:02+00:00,769.3499755859375,2026-08-30,-0.20779432103362258,772.4446128422348,0.01597978772890515,0.29102735823392867
2026-10-30,0.16712328767123288,P,630.0,1.3,1.32,1.31,0.020000000000000018,11.0,1423,0.27851063293457035,2026-08-28 19:17:21+00:00,769.3499755859375,2026-08-30,-0.19982615138444568,772.4446128422348,0.01597978772890515,0.2851813120245934
2026-10-30,0.16712328767123288,P,635.0,1.38,1.4,1.39,0.020000000000000018,4.0,556,0.2724071783447265,2026-08-28 18:01:27+00:00,769.3499755859375,2026-08-30,-0.1919209718773324,772.4446128422348,0.01597978772890515,0.2791004704833031
2026-10-30,0.16712328767123288,P,640.0,1.47,1.49,1.48,0.020000000000000018,21.0,334,0.26642579284667967,2026-08-28 19:59:48+00:00,769.3499755859375,2026-08-30,-0.18407779441630648,772.4446128422348,0.01597978772890515,0.273165035188198
2026-10-30,0.16712328767123288,P,641.0,1.49,1.51,1.5,0.020000000000000018,51.0,261,0.2652661364746094,2026-08-24 17:30:30+00:00,769.3499755859375,2026-08-30,-0.18251651384935397,772.4446128422348,0.01597978772890515,0.272020258963108
2026-10-30,0.16712328767123288,P,642.0,1.51,1.53,1.52,0.020000000000000018,1.0,124,0.264106480102539,2026-08-24 15:29:55+00:00,769.3499755859375,2026-08-30,-0.18095766708006283,772.4446128422348,0.01597978772890515,0.2708641601204872
2026-10-30,0.16712328767123288,P,643.0,1.52,1.55,1.5350000000000001,0.030000000000000027,1.0,357,0.2629468237304688,2026-08-20 13:52:09+00:00,769.3499755859375,2026-08-30,-0.17940124653240463,772.4446128422348,0.01597978772890515,0.26952153605222695
2026-10-30,0.16712328767123288,P,644.0,1.54,1.57,1.5550000000000002,0.030000000000000027,1.0,389,0.2617261328125,2026-08-27 19:44:54+00:00,769.3499755859375,2026-08-30,-0.1778472446656704,772.4446128422348,0.01597978772890515,0.26834517568349836
2026-10-30,0.16712328767123288,P,645.0,1.56,1.59,1.5750000000000002,0.030000000000000027,1.0,315,0.26056647644042963,2026-08-27 15:27:32+00:00,769.3499755859375,2026-08-30,-0.1762956539742515,772.4446128422348,0.01597978772890515,0.26715868455171576
2026-10-30,0.16712328767123288,P,646.0,1.58,1.61,1.5950000000000002,0.030000000000000027,1.0,139,0.259345785522461,2026-08-27 13:30:52+00:00,769.3499755859375,2026-08-30,-0.17474646698742216,772.4446128422348,0.01597978772890515,0.26596146672964094
2026-10-30,0.16712328767123288,P,647.0,1.6,1.63,1.615,0.029999999999999805,1.0,44,0.2581250946044922,2026-08-28 20:02:27+00:00,769.3499755859375,2026-08-30,-0.17319967626912344,772.4446128422348,0.01597978772890515,0.26475352221727366
2026-10-30,0.16712328767123288,P,648.0,1.63,1.65,1.64,0.020000000000000018,1.0,402,0.25690440368652345,2026-08-27 18:44:49+00:00,769.3499755859375,2026-08-30,-0.17165527441774944,772.4446128422348,0.01597978772890515,0.2636999228596687
2026-10-30,0.16712328767123288,P,649.0,1.65,1.67,1.66,0.020000000000000018,140.0,173,0.2556837127685547,2026-08-26 14:12:23+00:00,769.3499755859375,2026-08-30,-0.17011325406593414,772.4446128422348,0.01597978772890515,0.2624699290394783
2026-10-30,0.16712328767123288,P,650.0,1.67,1.69,1.68,0.020000000000000018,82.0,1677,0.25440198730468755,2026-08-28 19:57:57+00:00,769.3499755859375,2026-08-30,-0.16857360788034131,772.4446128422348,0.01597978772890515,0.2612298044562341
2026-10-30,0.16712328767123288,P,651.0,1.69,1.71,1.7,0.020000000000000018,3.0,59,0.25318129638671877,2026-08-27 17:38:22+00:00,769.3499755859375,2026-08-30,-0.16703632856145487,772.4446128422348,0.01597978772890515,0.25998014503717415
2026-10-30,0.16712328767123288,P,652.0,1.71,1.74,1.725,0.030000000000000027,13.0,313,0.25220474365234374,2026-08-27 15:11:31+00:00,769.3499755859375,2026-08-30,-0.16550140884337117,772.4446128422348,0.01597978772890515,0.25887767964601516
2026-10-30,0.16712328767123288,P,653.0,1.74,1.76,1.75,0.020000000000000018,3.0,266,0.2509230181884765,2026-08-27 17:38:22+00:00,769.3499755859375,2026-08-30,-0.16396884149359306,772.4446128422348,0.01597978772890515,0.2577615079283714
2026-10-30,0.16712328767123288,P,654.0,1.76,1.78,1.77,0.020000000000000018,10.0,71,0.24964129272460936,2026-08-19 19:55:55+00:00,769.3499755859375,2026-08-30,-0.1624386193128254,772.4446128422348,0.01597978772890515,0.2564796684384346
2026-10-30,0.16712328767123288,P,655.0,1.78,1.81,1.795,0.030000000000000027,53.0,197,0.24860370544433597,2026-08-28 19:24:53+00:00,769.3499755859375,2026-08-30,-0.1609107351347722,772.4446128422348,0.01597978772890515,0.25533965963125227
2026-10-30,0.16712328767123288,P,656.0,1.81,1.83,1.82,0.020000000000000018,4.0,183,0.24732197998046873,2026-08-27 13:58:15+00:00,769.3499755859375,2026-08-30,-0.15938518182593506,772.4446128422348,0.01597978772890515,0.25418713635206225
2026-10-30,0.16712328767123288,P,657.0,1.83,1.85,1.84,0.020000000000000018,680.0,740,0.24597921997070313,2026-08-26 14:13:40+00:00,769.3499755859375,2026-08-30,-0.15786195228541358,772.4446128422348,0.01597978772890515,0.25287430864572524
2026-10-30,0.16712328767123288,P,658.0,1.86,1.88,1.87,0.019999999999999796,2.0,80,0.2449416326904297,2026-08-28 15:48:00+00:00,769.3499755859375,2026-08-30,-0.1563410394447069,772.4446128422348,0.01597978772890515,0.25184454637765885
2026-10-30,0.16712328767123288,P,659.0,1.88,1.91,1.895,0.030000000000000027,2.0,57,0.24390404541015626,2026-08-28 18:32:00+00:00,769.3499755859375,2026-08-30,-0.15482243626751688,772.4446128422348,0.01597978772890515,0.2506550756096839
2026-10-30,0.16712328767123288,P,660.0,1.91,1.93,1.92,0.020000000000000018,15.0,577,0.2425612854003906,2026-08-28 19:51:03+00:00,769.3499755859375,2026-08-30,-0.15330613574955285,772.4446128422348,0.01597978772890515,0.24945368629693981
2026-10-30,0.16712328767123288,P,661.0,1.93,1.96,1.9449999999999998,0.030000000000000027,19.0,55,0.24146266357421875,2026-08-28 14:52:49+00:00,769.3499755859375,2026-08-30,-0.1517921309183378,772.4446128422348,0.01597978772890515,0.24824037843942642
2026-10-30,0.16712328767123288,P,662.0,1.96,1.99,1.975,0.030000000000000027,1.0,96,0.24036404174804685,2026-08-28 13:47:56+00:00,769.3499755859375,2026-08-30,-0.15028041483301588,772.4446128422348,0.01597978772890515,0.24715400308370594
2026-10-30,0.16712328767123288,P,663.0,1.99,2.01,2.0,0.019999999999999796,1.0,43,0.2389602471923828,2026-08-27 19:59:13+00:00,769.3499755859375,2026-08-30,-0.14877098058416158,772.4446128422348,0.01597978772890515,0.24591626220941548
2026-10-30,0.16712328767123288,P,664.0,2.02,2.04,2.0300000000000002,0.020000000000000018,2.0,64,0.23786162536621092,2026-08-17 14:35:45+00:00,769.3499755859375,2026-08-30,-0.14726382129359022,772.4446128422348,0.01597978772890515,0.2448018782734871
2026-10-30,0.16712328767123288,P,665.0,2.05,2.07,2.0599999999999996,0.020000000000000018,3.0,324,0.23670196899414062,2026-08-28 19:00:57+00:00,769.3499755859375,2026-08-30,-0.14575893011416993,772.4446128422348,0.01597978772890515,0.2436737880110741
2026-10-30,0.16712328767123288,P,666.0,2.07,2.1,2.085,0.03000000000000025,1.0,39,0.2355423126220703,2026-08-28 15:54:00+00:00,769.3499755859375,2026-08-30,-0.14425630022963493,772.4446128422348,0.01597978772890515,0.24239909964799883
2026-10-30,0.16712328767123288,P,667.0,2.1,2.13,2.115,0.029999999999999805,8.0,49,0.23438265625,2026-08-26 13:48:19+00:00,769.3499755859375,2026-08-30,-0.14275592485440033,772.4446128422348,0.01597978772890515,0.24124419265985486
2026-10-30,0.16712328767123288,P,668.0,2.13,2.16,2.145,0.03000000000000025,2.0,52,0.2331924826049805,2026-08-27 19:44:54+00:00,769.3499755859375,2026-08-30,-0.14125779723337833,772.4446128422348,0.01597978772890515,0.24007557934522622
2026-10-30,0.16712328767123288,P,669.0,2.16,2.19,2.175,0.029999999999999805,1.0,48,0.23200230895996093,2026-08-25 16:26:27+00:00,769.3499755859375,2026-08-30,-0.1397619106417956,772.4446128422348,0.01597978772890515,0.23889325970411301
2026-10-30,0.16712328767123288,P,670.0,2.2,2.22,2.21,0.020000000000000018,167.0,75719,0.2307816180419922,2026-08-28 16:30:08+00:00,769.3499755859375,2026-08-30,-0.1382682583850123,772.4446128422348,0.01597978772890515,0.2378223784565926
2026-10-30,0.16712328767123288,P,671.0,2.23,2.26,2.245,0.029999999999999805,1.0,72,0.22980506530761718,2026-08-25 19:53:47+00:00,769.3499755859375,2026-08-30,-0.13677683379834227,772.4446128422348,0.01597978772890515,0.23673600310087206
2026-10-30,0.16712328767123288,P,672.0,2.26,2.29,2.275,0.03000000000000025,4.0,28,0.22858437438964846,2026-08-27 18:23:19+00:00,769.3499755859375,2026-08-30,-0.1352876302468745,772.4446128422348,0.01597978772890515,0.23551077669858933
2026-10-30,0.16712328767123288,P,673.0,2.3,2.32,2.3099999999999996,0.020000000000000018,2.0,212,0.22730264892578123,2026-08-12 17:51:58+00:00,769.3499755859375,2026-08-30,-0.13380064112529624,772.4446128422348,0.01597978772890515,0.23439341312646866
2026-10-30,0.16712328767123288,P,674.0,2.33,2.36,2.3449999999999998,0.029999999999999805,1.0,183,0.22629557891845703,2026-08-18 19:50:20+00:00,769.3499755859375,2026-08-30,-0.13231585985771702,772.4446128422348,0.01597978772890515,0.23326055544614788
2026-10-30,0.16712328767123288,P,675.0,2.37,2.39,2.38,0.020000000000000018,33.0,451,0.2250138534545898,2026-08-28 14:36:11+00:00,769.3499755859375,2026-08-30,-0.13083327989749421,772.4446128422348,0.01597978772890515,0.23211220365762708
2026-10-30,0.16712328767123288,P,676.0,2.4,2.43,2.415,0.03000000000000025,1.0,79,0.22394574890136715,2026-08-27 13:31:19+00:00,769.3499755859375,2026-08-30,-0.12935289472705994,772.4446128422348,0.01597978772890515,0.23094835776090622
2026-10-30,0.16712328767123288,P,677.0,2.44,2.46,2.45,0.020000000000000018,10.0,169,0.22263350616455074,2026-08-27 18:18:59+00:00,769.3499755859375,2026-08-30,-0.12787469785774905,772.4446128422348,0.01597978772890515,0.22977020961046218
2026-10-30,0.16712328767123288,P,678.0,2.47,2.5,2.4850000000000003,0.029999999999999805,8.0,286,0.2215654016113281,2026-08-25 14:43:36+00:00,769.3499755859375,2026-08-30,-0.12639868282962846,772.4446128422348,0.01597978772890515,0.22857656735181808
2026-10-30,0.16712328767123288,P,679.0,2.51,2.54,2.525,0.03000000000000025,1.0,271,0.220436262512207,2026-08-28 18:44:33+00:00,769.3499755859375,2026-08-30,-0.1249248432113279,772.4446128422348,0.01597978772890515,0.22748065716028215
2026-10-30,0.16712328767123288,P,680.0,2.55,2.58,2.565,0.03000000000000025,118.0,1150,0.21930712341308595,2026-08-28 19:59:48+00:00,769.3499755859375,2026-08-30,-0.12345317259987164,772.4446128422348,0.01597978772890515,0.22636746507883077
2026-10-30,0.16712328767123288,P,681.0,2.59,2.62,2.605,0.03000000000000025,4.0,274,0.2181474670410156,2026-08-26 18:53:31+00:00,769.3499755859375,2026-08-30,-0.12198366462051165,772.4446128422348,0.01597978772890515,0.22523699110746387
2026-10-30,0.16712328767123288,P,682.0,2.63,2.66,2.645,0.03000000000000025,7.0,150,0.2169878106689453,2026-08-25 14:43:36+00:00,769.3499755859375,2026-08-30,-0.12051631292656191,772.4446128422348,0.01597978772890515,0.22408983117341996
2026-10-30,0.16712328767123288,P,683.0,2.67,2.7,2.685,0.03000000000000025,1.0,1679,0.2157976370239258,2026-08-28 14:44:08+00:00,769.3499755859375,2026-08-30,-0.11905111119923395,772.4446128422348,0.01597978772890515,0.22292658120393755
2026-10-30,0.16712328767123288,P,684.0,2.71,2.74,2.725,0.03000000000000025,24.0,505,0.21460746337890624,2026-08-27 17:24:06+00:00,769.3499755859375,2026-08-30,-0.11758805314747355,772.4446128422348,0.01597978772890515,0.22174664527177812
2026-10-30,0.16712328767123288,P,685.0,2.75,2.79,2.77,0.040000000000000036,283.0,1371,0.21360039337158204,2026-08-28 18:13:39+00:00,769.3499755859375,2026-08-30,-0.11612713250779871,772.4446128422348,0.01597978772890515,0.2206543106436729
2026-10-30,0.16712328767123288,P,686.0,2.8,2.83,2.815,0.03000000000000025,7.0,298,0.21234918518066404,2026-08-20 16:13:30+00:00,769.3499755859375,2026-08-30,-0.11466834304413878,772.4446128422348,0.01597978772890515,0.21954290634393692
2026-10-30,0.16712328767123288,P,687.0,2.84,2.87,2.855,0.03000000000000025,43.0,152,0.21112849426269528,2026-08-28 16:08:42+00:00,769.3499755859375,2026-08-30,-0.11321167854767479,772.4446128422348,0.01597978772890515,0.2183135084509849
2026-10-30,0.16712328767123288,P,688.0,2.89,2.92,2.9050000000000002,0.029999999999999805,22.0,2759,0.21002987243652343,2026-08-28 18:42:46+00:00,769.3499755859375,2026-08-30,-0.11175713283668046,772.4446128422348,0.01597978772890515,0.2172670602202415
2026-10-30,0.16712328767123288,P,689.0,2.94,2.97,2.955,0.03000000000000025,16.0,2679,0.20896176788330073,2026-08-28 17:44:16+00:00,769.3499755859375,2026-08-30,-0.11030469975636555,772.4446128422348,0.01597978772890515,0.2162003504633903
2026-10-30,0.16712328767123288,P,690.0,2.98,3.02,3.0,0.040000000000000036,188.0,1540,0.20783262878417966,2026-08-28 19:07:59+00:00,769.3499755859375,2026-08-30,-0.10885437317871904,772.4446128422348,0.01597978772890515,0.21501683896780016
2026-10-30,0.16712328767123288,P,691.0,3.03,3.06,3.045,0.03000000000000025,125.0,156,0.20655090332031245,2026-08-28 18:10:35+00:00,769.3499755859375,2026-08-30,-0.10740614700235422,772.4446128422348,0.01597978772890515,0.2138166415095329
2026-10-30,0.16712328767123288,P,692.0,3.08,3.11,3.0949999999999998,0.029999999999999805,1.0,78,0.20539124694824218,2026-08-27 13:56:46+00:00,769.3499755859375,2026-08-30,-0.10596001515235455,772.4446128422348,0.01597978772890515,0.2126933186650276
2026-10-30,0.16712328767123288,P,693.0,3.13,3.16,3.145,0.03000000000000025,10.0,1399,0.20423159057617185,2026-08-28 17:44:16+00:00,769.3499755859375,2026-08-30,-0.10451597158012088,772.4446128422348,0.01597978772890515,0.21155092614889148
2026-10-30,0.16712328767123288,P,694.0,3.18,3.22,3.2,0.040000000000000036,119.0,45,0.20322452056884766,2026-08-28 18:23:00+00:00,769.3499755859375,2026-08-30,-0.1030740102632196,772.4446128422348,0.01597978772890515,0.21048123675584796
2026-10-30,0.16712328767123288,P,695.0,3.24,3.27,3.255,0.029999999999999805,26.0,1751,0.2020343469238281,2026-08-28 19:45:25+00:00,769.3499755859375,2026-08-30,-0.10163412520523196,772.4446128422348,0.01597978772890515,0.20939068990945814
2026-10-30,0.16712328767123288,P,696.0,3.29,3.32,3.3049999999999997,0.029999999999999805,2.0,265,0.20078313873291015,2026-08-28 19:44:55+00:00,769.3499755859375,2026-08-30,-0.10019631043560445,772.4446128422348,0.01597978772890515,0.20818989652395248
2026-10-30,0.16712328767123288,P,697.0,3.35,3.38,3.365,0.029999999999999805,3.0,274,0.1997150341796875,2026-08-28 18:13:18+00:00,769.3499755859375,2026-08-30,-0.0987605600095002,772.4446128422348,0.01597978772890515,0.2071476197838783
2026-10-30,0.16712328767123288,P,698.0,3.4,3.44,3.42,0.040000000000000036,9.0,760,0.1986469296264648,2026-08-28 19:32:56+00:00,769.3499755859375,2026-08-30,-0.09732686800765161,772.4446128422348,0.01597978772890515,0.20599569243192672
2026-10-30,0.16712328767123288,P,699.0,3.46,3.49,3.475,0.03000000000000025,19.0,312,0.19736520416259767,2026-08-28 15:25:52+00:00,769.3499755859375,2026-08-30,-0.09589522853621384,772.4446128422348,0.01597978772890515,0.2048235035538673
2026-10-30,0.16712328767123288,P,700.0,3.52,3.55,3.535,0.029999999999999805,149.0,3480,0.19623606506347657,2026-08-28 19:40:08+00:00,769.3499755859375,2026-08-30,-0.09446563572661941,772.4446128422348,0.01597978772890515,0.20371686667203898
2026-10-30,0.16712328767123288,P,701.0,3.58,3.61,3.5949999999999998,0.029999999999999805,9.0,209,0.19507640869140624,2026-08-28 17:56:11+00:00,769.3499755859375,2026-08-30,-0.09303808373543399,772.4446128422348,0.01597978772890515,0.20258818048238753
2026-10-30,0.16712328767123288,P,702.0,3.64,3.68,3.66,0.040000000000000036,2.0,282,0.19403882141113282,2026-08-28 16:14:56+00:00,769.3499755859375,2026-08-30,-0.09161256674421296,772.4446128422348,0.01597978772890515,0.2015208747982979
2026-10-30,0.16712328767123288,P,703.0,3.7,3.74,3.72,0.040000000000000036,1.0,92,0.19284864776611327,2026-08-28 15:30:07+00:00,769.3499755859375,2026-08-30,-0.09018907895935917,772.4446128422348,0.01597978772890515,0.20034928184747697
2026-10-30,0.16712328767123288,P,704.0,3.77,3.8,3.785,0.029999999999999805,1.0,91,0.19162795684814454,2026-08-27 18:32:14+00:00,769.3499755859375,2026-08-30,-0.08876761461198167,772.4446128422348,0.01597978772890515,0.19923668569326397
2026-10-30,0.16712328767123288,P,705.0,3.84,3.87,3.855,0.03000000000000025,14.0,575,0.1905598522949219,2026-08-28 19:12:43+00:00,769.3499755859375,2026-08-30,-0.08734816795775542,772.4446128422348,0.01597978772890515,0.19818070262670517
2026-10-30,0.16712328767123288,P,706.0,3.9,3.94,3.92,0.040000000000000036,7.0,184,0.1894307131958008,2026-08-28 17:56:11+00:00,769.3499755859375,2026-08-30,-0.085930733276782,772.4446128422348,0.01597978772890515,0.19702281600236893
2026-10-30,0.16712328767123288,P,707.0,3.97,4.01,3.99,0.03999999999999959,8.0,20957,0.1883015740966797,2026-08-28 17:03:27+00:00,769.3499755859375,2026-08-30,-0.08451530487345131,772.4446128422348,0.01597978772890515,0.19591975468397138
2026-10-30,0.16712328767123288,P,708.0,4.04,4.08,4.0600000000000005,0.040000000000000036,4.0,110,0.1871419177246094,2026-08-28 15:53:20+00:00,769.3499755859375,2026-08-30,-0.0831018770763043,772.4446128422348,0.01597978772890515,0.19479226034879682
2026-10-30,0.16712328767123288,P,709.0,4.12,4.15,4.135,0.03000000000000025,2.0,384,0.1859517440795898,2026-08-28 16:09:33+00:00,769.3499755859375,2026-08-30,-0.08169044423789655,772.4446128422348,0.01597978772890515,0.19371720761060712
2026-10-30,0.16712328767123288,P,710.0,4.19,4.23,4.210000000000001,0.040000000000000036,40.0,1738,0.1849141567993164,2026-08-28 20:07:38+00:00,769.3499755859375,2026-08-30,-0.08028100073466295,772.4446128422348,0.01597978772890515,0.19261653000116347
2026-10-30,0.16712328767123288,P,711.0,4.27,4.3,4.285,0.03000000000000025,2.0,117,0.18366294860839844,2026-08-28 14:15:55+00:00,769.3499755859375,2026-08-30,-0.07887354096678317,772.4446128422348,0.01597978772890515,0.1914914193749428
2026-10-30,0.16712328767123288,P,712.0,4.34,4.38,4.359999999999999,0.040000000000000036,2.0,307,0.18256432678222656,2026-08-27 14:45:44+00:00,769.3499755859375,2026-08-30,-0.07746805935804828,772.4446128422348,0.01597978772890515,0.19034127980470655
2026-10-30,0.16712328767123288,P,713.0,4.42,4.46,4.4399999999999995,0.040000000000000036,8.0,742,0.18141992904663085,2026-08-27 13:57:03+00:00,769.3499755859375,2026-08-30,-0.07606455035572811,772.4446128422348,0.01597978772890515,0.18923821848630906
2026-10-30,0.16712328767123288,P,714.0,4.51,4.54,4.525,0.03000000000000025,1.0,111,0.18024501403808596,2026-08-26 16:26:14+00:00,769.3499755859375,2026-08-30,-0.07466300843043966,772.4446128422348,0.01597978772890515,0.18817985171079632
2026-10-30,0.16712328767123288,P,715.0,4.59,4.63,4.609999999999999,0.040000000000000036,13.0,957,0.17920742675781248,2026-08-28 19:43:13+00:00,769.3499755859375,2026-08-30,-0.07326342807601638,772.4446128422348,0.01597978772890515,0.18709407228231428
2026-10-30,0.16712328767123288,P,716.0,4.68,4.71,4.695,0.03000000000000025,5.0,328,0.17798673583984376,2026-08-28 15:03:50+00:00,769.3499755859375,2026-08-30,-0.07186580380937842,772.4446128422348,0.01597978772890515,0.18598147612810134
2026-10-30,0.16712328767123288,P,717.0,4.76,4.8,4.779999999999999,0.040000000000000036,5.0,228,0.17687285537719727,2026-08-28 14:48:00+00:00,769.3499755859375,2026-08-30,-0.07047013017040367,772.4446128422348,0.01597978772890515,0.18484146732091905
2026-10-30,0.16712328767123288,P,718.0,4.85,4.89,4.869999999999999,0.040000000000000036,3.0,141,0.17572845764160155,2026-08-28 19:27:46+00:00,769.3499755859375,2026-08-30,-0.06907640172179985,772.4446128422348,0.01597978772890515,0.18374257749319078
2026-10-30,0.16712328767123288,P,719.0,4.95,4.99,4.970000000000001,0.040000000000000036,2.0,244,0.17469087036132813,2026-08-28 18:24:17+00:00,769.3499755859375,2026-08-30,-0.06768461304897734,772.4446128422348,0.01597978772890515,0.1827467830777168
2026-10-30,0.16712328767123288,P,720.0,5.04,5.08,5.0600000000000005,0.040000000000000036,267.0,1339,0.17350069671630858,2026-08-28 20:07:38+00:00,769.3499755859375,2026-08-30,-0.06629475875992302,772.4446128422348,0.01597978772890515,0.1815900883078575
2026-10-30,0.16712328767123288,P,721.0,5.14,5.18,5.16,0.040000000000000036,1.0,140,0.17240207489013676,2026-08-28 15:03:50+00:00,769.3499755859375,2026-08-30,-0.06490683348507495,772.4446128422348,0.01597978772890515,0.18053470116853715
2026-10-30,0.16712328767123288,P,722.0,5.24,5.28,5.26,0.040000000000000036,25.0,102,0.17127293579101563,2026-08-28 19:54:53+00:00,769.3499755859375,2026-08-30,-0.06352083187719779,772.4446128422348,0.01597978772890515,0.1794489217400551
2026-10-30,0.16712328767123288,P,723.0,5.34,5.38,5.359999999999999,0.040000000000000036,10.0,60,0.17011327941894533,2026-08-28 19:40:37+00:00,769.3499755859375,2026-08-30,-0.062136748611259326,772.4446128422348,0.01597978772890515,0.17833334594964984
2026-10-30,0.16712328767123288,P,724.0,5.44,5.48,5.460000000000001,0.040000000000000036,25.0,131,0.16892310577392583,2026-08-28 18:47:26+00:00,769.3499755859375,2026-08-30,-0.060754578384307645,772.4446128422348,0.01597978772890515,0.17718797379732132
2026-10-30,0.16712328767123288,P,725.0,5.55,5.59,5.57,0.040000000000000036,231.0,4429,0.16782448394775396,2026-08-28 20:04:48+00:00,769.3499755859375,2026-08-30,-0.05937431591534923,772.4446128422348,0.01597978772890515,0.1761349703669548
2026-10-30,0.16712328767123288,P,726.0,5.66,5.7,5.68,0.040000000000000036,10.0,122,0.16668008621215824,2026-08-28 19:59:25+00:00,769.3499755859375,2026-08-30,-0.05799595594522804,772.4446128422348,0.01597978772890515,0.1750503827929497
2026-10-30,0.16712328767123288,P,727.0,5.78,5.82,5.800000000000001,0.040000000000000036,6.0,255,0.1656272402954102,2026-08-28 15:08:40+00:00,769.3499755859375,2026-08-30,-0.05661949323650475,772.4446128422348,0.01597978772890515,0.1740516087412834
2026-10-30,0.16712328767123288,P,728.0,5.89,5.93,5.91,0.040000000000000036,15.0,163,0.16443706665039062,2026-08-28 15:48:00+00:00,769.3499755859375,2026-08-30,-0.05524492257333815,772.4446128422348,0.01597978772890515,0.17290206509828565
2026-10-30,0.16712328767123288,P,729.0,6.01,6.06,6.035,0.04999999999999982,9.0,118,0.16341473800659184,2026-08-28 17:16:09+00:00,769.3499755859375,2026-08-30,-0.053872238761365966,772.4446128422348,0.01597978772890515,0.17189435213804244
2026-10-30,0.16712328767123288,P,730.0,6.13,6.18,6.154999999999999,0.04999999999999982,164.0,1645,0.16227034027099607,2026-08-28 19:59:35+00:00,769.3499755859375,2026-08-30,-0.0525014366275873,772.4446128422348,0.01597978772890515,0.17079427045583728
2026-10-30,0.16712328767123288,P,731.0,6.26,6.31,6.285,0.04999999999999982,7.0,95,0.1611869770812988,2026-08-28 19:30:09+00:00,769.3499755859375,2026-08-30,-0.0511325110202456,772.4446128422348,0.01597978772890515,0.16977344709634778
2026-10-30,0.16712328767123288,P,732.0,6.39,6.44,6.415,0.05000000000000071,4.0,383,0.16007309661865232,2026-08-28 19:51:24+00:00,769.3499755859375,2026-08-30,-0.04976545680871255,772.4446128422348,0.01597978772890515,0.1687168681025505
2026-10-30,0.16712328767123288,P,733.0,6.52,6.57,6.545,0.05000000000000071,8.0,205,0.15891344024658205,2026-08-28 15:48:00+00:00,769.3499755859375,2026-08-30,-0.04840026888337261,772.4446128422348,0.01597978772890515,0.1676239375472069
2026-10-30,0.16712328767123288,P,734.0,6.66,6.71,6.6850000000000005,0.04999999999999982,12.0,296,0.1578300770568848,2026-08-28 19:24:12+00:00,769.3499755859375,2026-08-30,-0.04703694215550852,772.4446128422348,0.01597978772890515,0.16660490196943284
2026-10-30,0.16712328767123288,P,735.0,6.8,6.85,6.824999999999999,0.04999999999999982,41.0,3671,0.1567161965942383,2026-08-28 18:09:19+00:00,769.3499755859375,2026-08-30,-0.045675471557187416,772.4446128422348,0.01597978772890515,0.16554772704839704
2026-10-30,0.16712328767123288,P,736.0,6.95,7.0,6.975,0.04999999999999982,44.0,146,0.15564809204101562,2026-08-28 19:56:40+00:00,769.3499755859375,2026-08-30,-0.04431585204114785,772.4446128422348,0.01597978772890515,0.16455967968702312
2026-10-30,0.16712328767123288,P,737.0,7.1,7.15,7.125,0.05000000000000071,13.0,169,0.15454947021484378,2026-08-28 19:48:24+00:00,769.3499755859375,2026-08-30,-0.04295807858068749,772.4446128422348,0.01597978772890515,0.16353110927343367
2026-10-30,0.16712328767123288,P,738.0,7.25,7.3,7.275,0.04999999999999982,26.0,1137,0.15342033111572267,2026-08-28 19:55:45+00:00,769.3499755859375,2026-08-30,-0.04160214616955159,772.4446128422348,0.01597978772890515,0.16246380358934404
2026-10-30,0.16712328767123288,P,739.0,7.41,7.46,7.4350000000000005,0.04999999999999982,10.0,548,0.1523369679260254,2026-08-28 17:35:45+00:00,769.3499755859375,2026-08-30,-0.04024804982182231,772.4446128422348,0.01597978772890515,0.16145966619253155
2026-10-30,0.16712328767123288,P,740.0,7.58,7.63,7.605,0.04999999999999982,130.0,1846,0.1513146392822266,2026-08-28 20:10:06+00:00,769.3499755859375,2026-08-30,-0.038895784571808645,772.4446128422348,0.01597978772890515,0.16051571744680404
2026-10-30,0.16712328767123288,P,741.0,7.74,7.79,7.765000000000001,0.04999999999999982,8.0,492,0.15015498291015628,2026-08-28 20:03:17+00:00,769.3499755859375,2026-08-30,-0.03754534547393719,772.4446128422348,0.01597978772890515,0.15942815023660656
2026-10-30,0.16712328767123288,P,742.0,7.92,7.97,7.945,0.04999999999999982,15.0,334,0.1491326542663574,2026-08-28 19:54:53+00:00,769.3499755859375,2026-08-30,-0.03619672760264363,772.4446128422348,0.01597978772890515,0.15849790781736373
2026-10-30,0.16712328767123288,P,743.0,8.1,8.15,8.125,0.05000000000000071,1.0,441,0.1480798083496094,2026-08-28 17:30:15+00:00,769.3499755859375,2026-08-30,-0.034849926052264904,772.4446128422348,0.01597978772890515,0.1575223749279976
2026-10-30,0.16712328767123288,P,744.0,8.28,8.33,8.305,0.05000000000000071,17.0,94,0.1469659278869629,2026-08-27 15:04:49+00:00,769.3499755859375,2026-08-30,-0.033504935936932205,772.4446128422348,0.01597978772890515,0.15650274342298504
2026-10-30,0.16712328767123288,P,745.0,8.47,8.52,8.495000000000001,0.049999999999998934,343.0,1308,0.1459130819702148,2026-08-28 19:26:39+00:00,769.3499755859375,2026-08-30,-0.03216175239046455,772.4446128422348,0.01597978772890515,0.15553376573324207
2026-10-30,0.16712328767123288,P,746.0,8.67,8.72,8.695,0.05000000000000071,13.0,629,0.14489075332641604,2026-08-28 19:59:19+00:00,769.3499755859375,2026-08-30,-0.030820370566263213,772.4446128422348,0.01597978772890515,0.15461365407705308
2026-10-30,0.16712328767123288,P,747.0,8.87,8.92,8.895,0.05000000000000071,2.0,84,0.14383790740966795,2026-08-28 19:30:09+00:00,769.3499755859375,2026-08-30,-0.029480785637206755,772.4446128422348,0.01597978772890515,0.15364586824178694
2026-10-30,0.16712328767123288,P,748.0,9.08,9.13,9.105,0.05000000000000071,50.0,207,0.14280032012939453,2026-08-28 17:30:53+00:00,769.3499755859375,2026-08-30,-0.028142992795546815,772.4446128422348,0.01597978772890515,0.15272277694940567
2026-10-30,0.16712328767123288,P,749.0,9.29,9.34,9.315,0.05000000000000071,23.0,302,0.14173221557617188,2026-08-28 17:16:09+00:00,769.3499755859375,2026-08-30,-0.026806987252804577,772.4446128422348,0.01597978772890515,0.1517508196234703
2026-10-30,0.16712328767123288,P,750.0,9.51,9.56,9.535,0.05000000000000071,655.0,5942,0.14069462829589846,2026-08-28 19:30:23+00:00,769.3499755859375,2026-08-30,-0.025472764239667926,772.4446128422348,0.01597978772890515,0.15081998127698898
2026-10-30,0.16712328767123288,P,751.0,9.74,9.79,9.765,0.049999999999998934,127.0,648,0.1396875582885742,2026-08-28 20:02:52+00:00,769.3499755859375,2026-08-30,-0.024140319005889303,772.4446128422348,0.01597978772890515,0.14992847412824628
2026-10-30,0.16712328767123288,P,752.0,9.97,10.03,10.0,0.05999999999999872,24.0,264,0.13871100555419924,2026-08-28 15:00:38+00:00,769.3499755859375,2026-08-30,-0.022809646820184222,772.4446128422348,0.01597978772890515,0.14902921992540358
2026-10-30,0.16712328767123288,P,753.0,10.21,10.27,10.24,0.05999999999999872,18.0,49,0.13768867691040043,2026-08-28 19:46:09+00:00,769.3499755859375,2026-08-30,-0.021480742970130466,772.4446128422348,0.01597978772890515,0.14812102681398392
2026-10-30,0.16712328767123288,P,754.0,10.46,10.52,10.49,0.05999999999999872,12.0,114,0.1366968655395508,2026-08-28 14:25:00+00:00,769.3499755859375,2026-08-30,-0.020153602762067967,772.4446128422348,0.01597978772890515,0.14724739748239513
2026-10-30,0.16712328767123288,P,755.0,10.72,10.77,10.745000000000001,0.049999999999998934,74.0,1134,0.13562876098632815,2026-08-28 20:14:58+00:00,769.3499755859375,2026-08-30,-0.018828221520999333,772.4446128422348,0.01597978772890515,0.14636125367879865
2026-10-30,0.16712328767123288,P,756.0,10.98,11.04,11.01,0.05999999999999872,4.0,318,0.13468272552490235,2026-08-28 19:46:12+00:00,769.3499755859375,2026-08-30,-0.017504594590491036,772.4446128422348,0.01597978772890515,0.14550609809160225
2026-10-30,0.16712328767123288,P,757.0,11.25,11.31,11.280000000000001,0.0600000000000005,2.0,227,0.13367565551757812,2026-08-28 16:25:47+00:00,769.3499755859375,2026-08-30,-0.016182717332575255,772.4446128422348,0.01597978772890515,0.14463604432344435
2026-10-30,0.16712328767123288,P,758.0,11.53,11.59,11.559999999999999,0.0600000000000005,18.0,112,0.1326838441467285,2026-08-28 19:36:29+00:00,769.3499755859375,2026-08-30,-0.014862585127652372,772.4446128422348,0.01597978772890515,0.14379340320825573
2026-10-30,0.16712328767123288,P,759.0,11.82,11.88,11.850000000000001,0.0600000000000005,173.0,311,0.13172255004882813,2026-08-28 20:02:52+00:00,769.3499755859375,2026-08-30,-0.0135441933743941,772.4446128422348,0.01597978772890515,0.1429751951098442
2026-10-30,0.16712328767123288,P,760.0,12.12,12.18,12.149999999999999,0.0600000000000005,773.0,1533,0.1307612559509277,2026-08-28 19:55:52+00:00,769.3499755859375,2026-08-30,-0.01222753748964726,772.4446128422348,0.01597978772890515,0.14218082410097121
2026-10-30,0.16712328767123288,P,761.0,12.42,12.49,12.455,0.07000000000000028,24.0,41,0.12983047912597656,2026-08-28 17:08:20+00:00,769.3499755859375,2026-08-30,-0.010912612908338185,772.4446128422348,0.01597978772890515,0.14136619156599045
2026-10-30,0.16712328767123288,P,762.0,12.74,12.8,12.77,0.0600000000000005,18.0,41,0.1288234091186523,2026-08-28 17:23:02+00:00,769.3499755859375,2026-08-30,-0.009599415083377744,772.4446128422348,0.01597978772890515,0.14057241648435592
2026-10-30,0.16712328767123288,P,763.0,13.06,13.13,13.095,0.07000000000000028,16.0,132,0.1279078909301758,2026-08-28 19:47:59+00:00,769.3499755859375,2026-08-30,-0.00828793948556701,772.4446128422348,0.01597978772890515,0.13979651921987535
2026-10-30,0.16712328767123288,P,764.0,13.4,13.46,13.43,0.0600000000000005,29.0,212,0.12693133819580077,2026-08-28 15:20:09+00:00,769.3499755859375,2026-08-30,-0.0069781816035035206,772.4446128422348,0.01597978772890515,0.13903849977254867
2026-10-30,0.16712328767123288,P,765.0,13.74,13.81,13.775,0.07000000000000028,124.0,1323,0.1260310786437988,2026-08-28 20:00:08+00:00,769.3499755859375,2026-08-30,-0.005670136943488171,772.4446128422348,0.01597978772890515,0.13829597443342206
2026-10-30,0.16712328767123288,P,766.0,14.1,14.17,14.135,0.07000000000000028,43.0,661,0.12514607772827147,2026-08-28 20:06:59+00:00,769.3499755859375,2026-08-30,-0.004363801029432819,772.4446128422348,0.01597978772890515,0.1376082744002342
2026-10-30,0.16712328767123288,P,767.0,14.46,14.53,14.495000000000001,0.06999999999999851,32.0,297,0.12418478363037111,2026-08-28 20:09:29+00:00,769.3499755859375,2026-08-30,-0.0030591694027679284,772.4446128422348,0.01597978772890515,0.13685263866186137
2026-10-30,0.16712328767123288,P,768.0,14.84,14.91,14.875,0.07000000000000028,40.0,227,0.12329978271484376,2026-08-28 19:58:45+00:00,769.3499755859375,2026-08-30,-0.0017562376223519457,772.4446128422348,0.01597978772890515,0.13618877571821209
2026-10-30,0.16712328767123288,P,769.0,15.23,15.3,15.265,0.07000000000000028,115.0,194,0.12241478179931642,2026-08-28 20:14:27+00:00,769.3499755859375,2026-08-30,-0.00045500126438013493,772.4446128422348,0.01597978772890515,0.13553563946485514
2026-11-30,0.25205479452054796,C,770.0,24.0,24.53,24.265,0.5300000000000011,94.0,962,0.1603324934387207,2026-08-28 19:57:15+00:00,769.3499755859375,2026-08-30,0.0008445440777054266,775.1567936392323,0.010167786302037317,0.14114271885156632
2026-11-30,0.25205479452054796,C,771.0,23.34,24.35,23.845,1.0100000000000016,18.0,497,0.16225508163452146,2026-08-28 16:24:01+00:00,769.3499755859375,2026-08-30,0.0021424027933054967,775.1567936392323,0.010167786302037317,0.14176188725233074
2026-11-30,0.25205479452054796,C,772.0,22.85,22.92,22.885,0.07000000000000028,30.0,695,0.1560600752258301,2026-08-28 19:49:46+00:00,769.3499755859375,2026-08-30,0.00343857925475207,775.1567936392323,0.010167786302037317,0.13880251258611676
2026-11-30,0.25205479452054796,C,773.0,22.25,22.31,22.28,0.05999999999999872,142.0,692,0.1551140397644043,2026-08-28 19:45:07+00:00,769.3499755859375,2026-08-30,0.004733077817397974,775.1567936392323,0.010167786302037317,0.13812196367979046
2026-11-30,0.25205479452054796,C,774.0,21.65,21.72,21.685,0.07000000000000028,18.0,266,0.15425955612182618,2026-08-28 15:38:30+00:00,769.3499755859375,2026-08-30,0.00602590281970302,775.1567936392323,0.010167786302037317,0.13746048444509507
2026-11-30,0.25205479452054796,C,775.0,21.06,21.13,21.095,0.07000000000000028,95.0,678,0.15335166725158692,2026-08-28 19:49:46+00:00,769.3499755859375,2026-08-30,0.007317058583323013,775.1567936392323,0.010167786302037317,0.13678470295667644
2026-11-30,0.25205479452054796,C,776.0,20.48,20.55,20.515,0.07000000000000028,3.0,141,0.1524742956542969,2026-08-28 15:00:56+00:00,769.3499755859375,2026-08-30,0.00860654941319466,775.1567936392323,0.010167786302037317,0.13612679928541183
2026-11-30,0.25205479452054796,C,777.0,19.91,19.98,19.945,0.07000000000000028,36.0,126,0.15160455337524414,2026-08-28 18:46:18+00:00,769.3499755859375,2026-08-30,0.009894379597623465,775.1567936392323,0.010167786302037317,0.13548558157682417
2026-11-30,0.25205479452054796,C,778.0,19.35,19.42,19.385,0.07000000000000028,281.0,511,0.15076532836914067,2026-08-25 17:10:17+00:00,769.3499755859375,2026-08-30,0.011180553408367518,775.1567936392323,0.010167786302037317,0.13486164575815202
2026-11-30,0.25205479452054796,C,779.0,18.8,18.87,18.835,0.07000000000000028,1.0,840,0.14994136199951175,2026-08-28 19:11:21+00:00,769.3499755859375,2026-08-30,0.012465075100724293,775.1567936392323,0.010167786302037317,0.13425320404767987
2026-11-30,0.25205479452054796,C,780.0,18.26,18.32,18.29,0.05999999999999872,202.0,3734,0.14907161972045896,2026-08-28 19:59:00+00:00,769.3499755859375,2026-08-30,0.013747948913613342,775.1567936392323,0.010167786302037317,0.13362748044729233
2026-11-30,0.25205479452054796,C,781.0,17.73,17.79,17.759999999999998,0.05999999999999872,32.0,512,0.1482857999420166,2026-08-28 15:48:24+00:00,769.3499755859375,2026-08-30,0.015029179069662,775.1567936392323,0.010167786302037317,0.13305002695322038
2026-11-30,0.25205479452054796,C,782.0,17.2,17.27,17.235,0.07000000000000028,2.0,200,0.14751523880004885,2026-08-28 15:11:23+00:00,769.3499755859375,2026-08-30,0.01630876977528701,775.1567936392323,0.010167786302037317,0.13245409971475597
2026-11-30,0.25205479452054796,C,783.0,16.69,16.75,16.72,0.05999999999999872,1.0,230,0.1466989017486572,2026-08-28 14:01:22+00:00,769.3499755859375,2026-08-30,0.01758672522077914,775.1567936392323,0.010167786302037317,0.1318724747300148
2026-11-30,0.25205479452054796,C,785.0,15.69,15.75,15.719999999999999,0.0600000000000005,2.0,783,0.14518066741943358,2026-08-28 17:00:00+00:00,769.3499755859375,2026-08-30,0.020137747012384258,775.1567936392323,0.010167786302037317,0.13074974781274795
2026-11-30,0.25205479452054796,C,790.0,13.35,13.41,13.379999999999999,0.0600000000000005,2.0,1304,0.14154911193847658,2026-08-28 16:25:47+00:00,769.3499755859375,2026-08-30,0.02648697469104313,775.1567936392323,0.010167786302037317,0.12806986302137374
2026-11-30,0.25205479452054796,C,795.0,11.26,11.32,11.29,0.0600000000000005,150.0,469,0.1382990223693848,2026-08-28 19:59:10+00:00,769.3499755859375,2026-08-30,0.03279614388430776,775.1567936392323,0.010167786302037317,0.12570105224847794
2026-11-30,0.25205479452054796,C,800.0,9.41,9.47,9.440000000000001,0.0600000000000005,113.0,1561,0.13538462280273442,2026-08-28 19:18:41+00:00,769.3499755859375,2026-08-30,0.03906575689790327,775.1567936392323,0.010167786302037317,0.1235867024064064
2026-11-30,0.25205479452054796,C,805.0,7.79,7.85,7.82,0.05999999999999961,1.0,189,0.13276013732910158,2026-08-27 14:54:42+00:00,769.3499755859375,2026-08-30,0.04529630664853925,775.1567936392323,0.010167786302037317,0.12169701713323593
2026-11-30,0.25205479452054796,C,810.0,6.4,6.45,6.425000000000001,0.04999999999999982,3.0,516,0.1304255659484863,2026-08-27 15:20:32+00:00,769.3499755859375,2026-08-30,0.051488276896460454,775.1567936392323,0.010167786302037317,0.12007311540842057
2026-11-30,0.25205479452054796,C,815.0,5.21,5.26,5.234999999999999,0.04999999999999982,4.0,312,0.12842668457031248,2026-08-28 19:57:35+00:00,769.3499755859375,2026-08-30,0.05764214247083862,775.1567936392323,0.010167786302037317,0.1186679189801216
2026-11-30,0.25205479452054796,C,820.0,4.2,4.25,4.225,0.04999999999999982,9.0,1378,0.12661090682983395,2026-08-28 17:37:09+00:00,769.3499755859375,2026-08-30,0.06375836948827483,775.1567936392323,0.010167786302037317,0.11739978581666946
2026-11-30,0.25205479452054796,C,825.0,3.36,3.41,3.385,0.050000000000000266,4.0,149,0.12506978454589845,2026-08-28 18:14:25+00:00,769.3499755859375,2026-08-30,0.06983741556465692,775.1567936392323,0.010167786302037317,0.11633963125944136
2026-11-30,0.25205479452054796,C,830.0,2.67,2.71,2.69,0.040000000000000036,3.0,1106,0.12363547271728516,2026-08-28 18:14:25+00:00,769.3499755859375,2026-08-30,0.07587973002061946,775.1567936392323,0.010167786302037317,0.11542011553049088
2026-11-30,0.25205479452054796,C,835.0,2.11,2.14,2.125,0.03000000000000025,4.0,556,0.12244529907226565,2026-08-28 18:29:21+00:00,769.3499755859375,2026-08-30,0.08188575408083144,775.1567936392323,0.010167786302037317,0.11468712502717973
2026-11-30,0.25205479452054796,C,840.0,1.65,1.69,1.67,0.040000000000000036,13.0,333,0.12162133270263673,2026-08-28 19:06:01+00:00,769.3499755859375,2026-08-30,0.08785592106733517,775.1567936392323,0.010167786302037317,0.11412456971406937
2026-11-30,0.25205479452054796,C,845.0,1.3,1.33,1.315,0.030000000000000027,127.0,294,0.12098046997070314,2026-08-28 19:41:27+00:00,769.3499755859375,2026-08-30,0.09379065658714984,775.1567936392323,0.010167786302037317,0.11388023954629899
2026-11-30,0.25205479452054796,C,850.0,1.02,1.05,1.0350000000000001,0.030000000000000027,442.0,4480,0.12067529724121094,2026-08-28 19:35:02+00:00,769.3499755859375,2026-08-30,0.09969037871433804,775.1567936392323,0.010167786302037317,0.11382660609483719
2026-11-30,0.25205479452054796,C,855.0,0.8,0.83,0.815,0.029999999999999916,16.0,121,0.12055322814941406,2026-08-28 17:24:58+00:00,769.3499755859375,2026-08-30,0.10555549816673623,775.1567936392323,0.010167786302037317,0.11394281190633775
2026-11-30,0.25205479452054796,C,860.0,0.64,0.66,0.65,0.020000000000000018,50.0,652,0.12073633178710938,2026-08-28 19:51:32+00:00,769.3499755859375,2026-08-30,0.11138641847752935,775.1567936392323,0.010167786302037317,0.1144451785683632
2026-11-30,0.25205479452054796,C,865.0,0.51,0.53,0.52,0.020000000000000018,1.0,815,0.12122460815429686,2026-08-28 15:12:19+00:00,769.3499755859375,2026-08-30,0.11718353616185516,775.1567936392323,0.010167786302037317,0.11507507365942003
2026-11-30,0.25205479452054796,C,870.0,0.41,0.43,0.42,0.020000000000000018,1.0,1191,0.1218959881591797,2026-08-28 17:23:32+00:00,769.3499755859375,2026-08-30,0.12294724087860535,775.1567936392323,0.010167786302037317,0.11592724961042405
2026-11-30,0.25205479452054796,C,875.0,0.34,0.35,0.345,0.009999999999999953,1.0,58,0.12268943725585937,2026-08-28 17:24:01+00:00,769.3499755859375,2026-08-30,0.12867791558759029,775.1567936392323,0.010167786302037317,0.11709526699781417
2026-11-30,0.25205479452054796,C,880.0,0.28,0.3,0.29000000000000004,0.019999999999999962,3.0,964,0.12439840454101564,2026-08-28 17:24:01+00:00,769.3499755859375,2026-08-30,0.13437593670222814,775.1567936392323,0.010167786302037317,0.11864408189058304
2026-11-30,0.25205479452054796,C,885.0,0.24,0.25,0.245,0.010000000000000009,1.0,237,0.1256190954589844,2026-08-28 13:33:40+00:00,769.3499755859375,2026-08-30,0.14004167423790542,775.1567936392323,0.010167786302037317,0.12023580354452133
2026-11-30,0.25205479452054796,C,890.0,0.2,0.22,0.21000000000000002,0.01999999999999999,40.0,259,0.12769427001953126,2026-08-27 18:38:48+00:00,769.3499755859375,2026-08-30,0.14567549195616153,775.1567936392323,0.010167786302037317,0.1220182219147682
2026-11-30,0.25205479452054796,C,895.0,0.17,0.19,0.18,0.01999999999999999,1.0,3534,0.1294032373046875,2026-08-24 13:40:15+00:00,769.3499755859375,2026-08-30,0.15127774750483128,775.1567936392323,0.010167786302037317,0.12374760276079178
2026-11-30,0.25205479452054796,C,900.0,0.15,0.16,0.155,0.010000000000000009,76.0,9166,0.13062392822265623,2026-08-28 19:58:43+00:00,769.3499755859375,2026-08-30,0.15684879255428677,775.1567936392323,0.010167786302037317,0.12549962884187693
2026-11-30,0.25205479452054796,C,905.0,0.13,0.14,0.135,0.010000000000000009,1.0,140,0.13257703369140628,2026-08-28 14:51:18+00:00,769.3499755859375,2026-08-30,0.16238897292990206,775.1567936392323,0.010167786302037317,0.12737501186132433
2026-11-30,0.25205479452054796,C,910.0,0.11,0.13,0.12,0.020000000000000004,1.0,32,0.13526255371093754,2026-08-28 15:24:43+00:00,769.3499755859375,2026-08-30,0.16789862874087158,775.1567936392323,0.010167786302037317,0.129503663957119
2026-11-30,0.25205479452054796,C,915.0,0.1,0.12,0.11,0.01999999999999999,11.0,57,0.13770393554687502,2026-08-28 15:04:01+00:00,769.3499755859375,2026-08-30,0.1733780945054973,775.1567936392323,0.010167786302037317,0.13203516286611555
2026-11-30,0.25205479452054796,C,920.0,0.09,0.1,0.095,0.010000000000000009,1.0,255,0.13868048828125001,2026-08-28 15:05:42+00:00,769.3499755859375,2026-08-30,0.17882769927306189,775.1567936392323,0.010167786302037317,0.1336161578297615
2026-11-30,0.25205479452054796,P,570.0,1.27,1.29,1.28,0.020000000000000018,16.0,672,0.31879343322753895,2026-08-24 18:59:44+00:00,769.3499755859375,2026-08-30,-0.2999096099414283,775.1567936392323,0.010167786302037317,0.3270648661255837
2026-11-30,0.25205479452054796,P,575.0,1.34,1.35,1.3450000000000002,0.010000000000000009,2.0,716,0.3133613586425781,2026-08-28 17:14:43+00:00,769.3499755859375,2026-08-30,-0.29117592997267366,775.1567936392323,0.010167786302037317,0.3218671887516975
2026-11-30,0.25205479452054796,P,580.0,1.4,1.42,1.41,0.020000000000000018,18.0,445,0.3081734222412109,2026-08-27 14:12:14+00:00,769.3499755859375,2026-08-30,-0.28251786722955907,775.1567936392323,0.010167786302037317,0.3165366196036338
2026-11-30,0.25205479452054796,P,585.0,1.48,1.5,1.49,0.020000000000000018,2.0,1088,0.30322962402343745,2026-08-28 14:12:35+00:00,769.3499755859375,2026-08-30,-0.2739341235381676,775.1567936392323,0.010167786302037317,0.31165359181165697
2026-11-30,0.25205479452054796,P,590.0,1.55,1.57,1.56,0.020000000000000018,1.0,489,0.297736514892578,2026-08-27 19:52:20+00:00,769.3499755859375,2026-08-30,-0.2654234338702589,775.1567936392323,0.010167786302037317,0.30624257248640063
2026-11-30,0.25205479452054796,P,595.0,1.63,1.65,1.64,0.020000000000000018,3.0,225,0.2924875439453124,2026-08-28 17:46:17+00:00,769.3499755859375,2026-08-30,-0.2569845652243943,775.1567936392323,0.010167786302037317,0.30105562180280687
2026-11-30,0.25205479452054796,P,600.0,1.72,1.74,1.73,0.020000000000000018,1.0,366,0.28742167663574214,2026-08-28 19:04:59+00:00,769.3499755859375,2026-08-30,-0.24861631555387764,775.1567936392323,0.010167786302037317,0.29605281263589855
2026-11-30,0.25205479452054796,P,605.0,1.81,1.83,1.82,0.020000000000000018,3.0,761,0.282233740234375,2026-08-27 16:37:31+00:00,769.3499755859375,2026-08-30,-0.24031751273918253,775.1567936392323,0.010167786302037317,0.29088552755117414
2026-11-30,0.25205479452054796,P,610.0,1.91,1.93,1.92,0.020000000000000018,6.0,468,0.2771068383789062,2026-08-28 16:57:38+00:00,769.3499755859375,2026-08-30,-0.2320870136026672,775.1567936392323,0.010167786302037317,0.28586245685815803
2026-11-30,0.25205479452054796,P,615.0,2.01,2.04,2.025,0.03000000000000025,5.0,632,0.27210200561523434,2026-08-28 18:50:36+00:00,769.3499755859375,2026-08-30,-0.22392370296350625,775.1567936392323,0.010167786302037317,0.28081018573045735
2026-11-30,0.25205479452054796,P,620.0,2.13,2.15,2.1399999999999997,0.020000000000000018,2.0,472,0.26697510375976563,2026-08-28 15:21:00+00:00,769.3499755859375,2026-08-30,-0.21582649273088686,775.1567936392323,0.010167786302037317,0.27585326296091084
2026-11-30,0.25205479452054796,P,625.0,2.24,2.27,2.255,0.029999999999999805,2.0,408,0.2618482019042969,2026-08-27 18:55:12+00:00,769.3499755859375,2026-08-30,-0.20779432103362258,775.1567936392323,0.010167786302037317,0.2707104108929633
2026-11-30,0.25205479452054796,P,630.0,2.37,2.4,2.385,0.029999999999999805,25.0,174,0.2568128518676758,2026-08-28 18:22:00+00:00,769.3499755859375,2026-08-30,-0.19982615138444568,775.1567936392323,0.010167786302037317,0.26575765961408615
2026-11-30,0.25205479452054796,P,635.0,2.52,2.54,2.5300000000000002,0.020000000000000018,1.0,51,0.25180801910400386,2026-08-24 15:35:12+00:00,769.3499755859375,2026-08-30,-0.1919209718773324,775.1567936392323,0.010167786302037317,0.26095150643587117
2026-11-30,0.25205479452054796,P,640.0,2.67,2.69,2.6799999999999997,0.020000000000000018,173.0,420,0.24677266906738282,2026-08-28 20:09:14+00:00,769.3499755859375,2026-08-30,-0.18407779441630648,775.1567936392323,0.010167786302037317,0.2560357026457786
2026-11-30,0.25205479452054796,P,645.0,2.83,2.86,2.8449999999999998,0.029999999999999805,3.0,46,0.24195093994140626,2026-08-26 19:48:38+00:00,769.3499755859375,2026-08-30,-0.1762956539742515,775.1567936392323,0.010167786302037317,0.2512158431410789
2026-11-30,0.25205479452054796,P,650.0,3.0,3.04,3.02,0.040000000000000036,57.0,365,0.23709869354248048,2026-08-28 17:37:11+00:00,769.3499755859375,2026-08-30,-0.16857360788034131,775.1567936392323,0.010167786302037317,0.2463596320748329
2026-11-30,0.25205479452054796,P,655.0,3.19,3.23,3.21,0.040000000000000036,12.0,720,0.232154895324707,2026-08-27 14:37:39+00:00,769.3499755859375,2026-08-30,-0.1609107351347722,775.1567936392323,0.010167786302037317,0.24154632776975626
2026-11-30,0.25205479452054796,P,660.0,3.4,3.43,3.415,0.03000000000000025,32.0,581,0.22715006256103515,2026-08-28 19:41:38+00:00,769.3499755859375,2026-08-30,-0.15330613574955285,775.1567936392323,0.010167786302037317,0.2367479216456413
2026-11-30,0.25205479452054796,P,665.0,3.62,3.66,3.64,0.040000000000000036,1.0,272,0.22235885070800776,2026-08-28 15:14:40+00:00,769.3499755859375,2026-08-30,-0.14575893011416993,775.1567936392323,0.010167786302037317,0.23202221864461897
2026-11-30,0.25205479452054796,P,670.0,3.86,3.9,3.88,0.040000000000000036,12.0,497,0.21744556976318358,2026-08-28 15:08:50+00:00,769.3499755859375,2026-08-30,-0.1382682583850123,775.1567936392323,0.010167786302037317,0.22725480073690413
2026-11-30,0.25205479452054796,P,672.0,3.96,4.0,3.98,0.040000000000000036,1.0,7,0.21546194702148438,2026-08-24 15:20:18+00:00,769.3499755859375,2026-08-30,-0.1352876302468745,775.1567936392323,0.010167786302037317,0.22532816797494892
2026-11-30,0.25205479452054796,P,673.0,4.01,4.05,4.029999999999999,0.040000000000000036,1.0,139,0.21445487701416016,2026-08-28 15:54:08+00:00,769.3499755859375,2026-08-30,-0.13380064112529624,775.1567936392323,0.010167786302037317,0.22434727174043656
2026-11-30,0.25205479452054796,P,674.0,4.06,4.1,4.08,0.040000000000000036,5.0,90,0.21341728973388674,2026-08-04 19:39:46+00:00,769.3499755859375,2026-08-30,-0.13231585985771702,775.1567936392323,0.010167786302037317,0.2233544569611549
2026-11-30,0.25205479452054796,P,675.0,4.12,4.16,4.140000000000001,0.040000000000000036,4.0,279,0.21253228881835937,2026-08-28 17:35:34+00:00,769.3499755859375,2026-08-30,-0.13083327989749421,775.1567936392323,0.010167786302037317,0.22250049322843551
2026-11-30,0.25205479452054796,P,676.0,4.17,4.21,4.1899999999999995,0.040000000000000036,2.0,136,0.21149470153808592,2026-08-28 13:32:03+00:00,769.3499755859375,2026-08-30,-0.12935289472705994,775.1567936392323,0.010167786302037317,0.22148324543237685
2026-11-30,0.25205479452054796,P,677.0,4.23,4.27,4.25,0.03999999999999915,2.0,261,0.21057918334960937,2026-08-26 14:22:01+00:00,769.3499755859375,2026-08-30,-0.12787469785774905,775.1567936392323,0.010167786302037317,0.22060186904668805
2026-11-30,0.25205479452054796,P,678.0,4.28,4.32,4.300000000000001,0.040000000000000036,1.0,180,0.20948056152343747,2026-08-25 16:26:13+00:00,769.3499755859375,2026-08-30,-0.12639868282962846,775.1567936392323,0.010167786302037317,0.21956078416109082
2026-11-30,0.25205479452054796,P,679.0,4.34,4.38,4.359999999999999,0.040000000000000036,1.0,389,0.20854978469848628,2026-08-27 19:55:57+00:00,769.3499755859375,2026-08-30,-0.1249248432113279,775.1567936392323,0.010167786302037317,0.21865259104967116
2026-11-30,0.25205479452054796,P,680.0,4.4,4.44,4.42,0.040000000000000036,55.0,236,0.20758849060058593,2026-08-28 19:38:06+00:00,769.3499755859375,2026-08-30,-0.12345317259987164,775.1567936392323,0.010167786302037317,0.21773009568452834
2026-11-30,0.25205479452054796,P,681.0,4.46,4.5,4.48,0.040000000000000036,14.0,35,0.2066119378662109,2026-08-04 19:21:29+00:00,769.3499755859375,2026-08-30,-0.12198366462051165,775.1567936392323,0.010167786302037317,0.21679448992013928
2026-11-30,0.25205479452054796,P,682.0,4.52,4.56,4.539999999999999,0.040000000000000036,1.0,17,0.20563538513183593,2026-08-27 13:44:07+00:00,769.3499755859375,2026-08-30,-0.12051631292656191,775.1567936392323,0.010167786302037317,0.21584458190202715
2026-11-30,0.25205479452054796,P,683.0,4.58,4.62,4.6,0.040000000000000036,6.0,24,0.20462831512451168,2026-08-24 14:52:51+00:00,769.3499755859375,2026-08-30,-0.11905111119923395,775.1567936392323,0.010167786302037317,0.21488156348466875
2026-11-30,0.25205479452054796,P,684.0,4.64,4.68,4.66,0.040000000000000036,2.0,14,0.2036212451171875,2026-08-28 20:00:17+00:00,769.3499755859375,2026-08-30,-0.11758805314747355,775.1567936392323,0.010167786302037317,0.2139054346680641
2026-11-30,0.25205479452054796,P,685.0,4.7,4.74,4.720000000000001,0.040000000000000036,1.0,118,0.20259891647338862,2026-08-28 19:49:35+00:00,769.3499755859375,2026-08-30,-0.11612713250779871,775.1567936392323,0.010167786302037317,0.2129161954522133
2026-11-30,0.25205479452054796,P,686.0,4.77,4.81,4.789999999999999,0.040000000000000036,1.0,34,0.20169865692138672,2026-08-27 13:44:07+00:00,769.3499755859375,2026-08-30,-0.11466834304413878,775.1567936392323,0.010167786302037317,0.21204733353853228
2026-11-30,0.25205479452054796,P,687.0,4.83,4.88,4.855,0.04999999999999982,1.0,3,0.20076788009643554,2026-08-27 13:44:07+00:00,769.3499755859375,2026-08-30,-0.11321167854767479,775.1567936392323,0.010167786302037317,0.21109742552042005
2026-11-30,0.25205479452054796,P,688.0,4.9,4.94,4.92,0.040000000000000036,3.0,129,0.1996997755432129,2026-08-27 19:50:03+00:00,769.3499755859375,2026-08-30,-0.11175713283668046,775.1567936392323,0.010167786302037317,0.21013261932134625
2026-11-30,0.25205479452054796,P,689.0,4.97,5.01,4.99,0.040000000000000036,1.0,14,0.19873848144531248,2026-08-28 15:56:01+00:00,769.3499755859375,2026-08-30,-0.11030469975636555,775.1567936392323,0.010167786302037317,0.20921906286478043
2026-11-30,0.25205479452054796,P,690.0,5.04,5.08,5.0600000000000005,0.040000000000000036,29.0,238,0.19777718734741212,2026-08-28 18:59:28+00:00,769.3499755859375,2026-08-30,-0.10885437317871904,775.1567936392323,0.010167786302037317,0.20829001230001448
2026-11-30,0.25205479452054796,P,691.0,5.11,5.15,5.130000000000001,0.040000000000000036,4.0,30,0.19678537597656248,2026-08-28 15:29:40+00:00,769.3499755859375,2026-08-30,-0.10740614700235422,775.1567936392323,0.010167786302037317,0.20734665948152536
2026-11-30,0.25205479452054796,P,692.0,5.18,5.22,5.199999999999999,0.040000000000000036,1.0,728,0.1957935646057129,2026-08-27 13:44:08+00:00,769.3499755859375,2026-08-30,-0.10596001515235455,775.1567936392323,0.010167786302037317,0.20638781255483624
2026-11-30,0.25205479452054796,P,693.0,5.25,5.29,5.27,0.040000000000000036,3.0,33,0.19477123596191404,2026-08-28 19:13:34+00:00,769.3499755859375,2026-08-30,-0.10451597158012088,775.1567936392323,0.010167786302037317,0.20541466337442393
2026-11-30,0.25205479452054796,P,694.0,5.32,5.37,5.345000000000001,0.04999999999999982,6.0,69,0.19385571777343752,2026-08-27 19:25:36+00:00,769.3499755859375,2026-08-30,-0.1030740102632196,775.1567936392323,0.010167786302037317,0.20448859244585038
2026-11-30,0.25205479452054796,P,695.0,5.4,5.44,5.42,0.040000000000000036,33.0,254,0.19281813049316404,2026-08-28 17:00:34+00:00,769.3499755859375,2026-08-30,-0.10163412520523196,775.1567936392323,0.010167786302037317,0.20354702740907665
2026-11-30,0.25205479452054796,P,696.0,5.48,5.52,5.5,0.03999999999999915,1.0,10,0.1918720950317383,2026-08-27 13:44:07+00:00,769.3499755859375,2026-08-30,-0.10019631043560445,775.1567936392323,0.010167786302037317,0.20264956098794928
2026-11-30,0.25205479452054796,P,697.0,5.55,5.6,5.574999999999999,0.04999999999999982,39.0,166,0.1909260595703125,2026-08-27 19:26:25+00:00,769.3499755859375,2026-08-30,-0.0987605600095002,775.1567936392323,0.010167786302037317,0.2016764118075371
2026-11-30,0.25205479452054796,P,698.0,5.63,5.68,5.654999999999999,0.04999999999999982,6.0,253,0.18994950683593753,2026-08-27 14:16:29+00:00,769.3499755859375,2026-08-30,-0.09732686800765161,775.1567936392323,0.010167786302037317,0.20074676531553265
2026-11-30,0.25205479452054796,P,699.0,5.71,5.76,5.734999999999999,0.04999999999999982,1.0,68,0.18894243682861328,2026-08-27 19:26:06+00:00,769.3499755859375,2026-08-30,-0.09589522853621384,775.1567936392323,0.010167786302037317,0.1998016247153282
2026-11-30,0.25205479452054796,P,700.0,5.8,5.84,5.82,0.040000000000000036,534.0,1244,0.18793536682128903,2026-08-28 19:59:20+00:00,769.3499755859375,2026-08-30,-0.09446563572661941,775.1567936392323,0.010167786302037317,0.19889760309457777
2026-11-30,0.25205479452054796,P,701.0,5.88,5.93,5.904999999999999,0.04999999999999982,3.0,17,0.1870198486328125,2026-08-27 19:25:32+00:00,769.3499755859375,2026-08-30,-0.09303808373543399,775.1567936392323,0.010167786302037317,0.19797629958391189
2026-11-30,0.25205479452054796,P,702.0,5.96,6.01,5.984999999999999,0.04999999999999982,2.0,104,0.18598226135253904,2026-08-27 13:47:27+00:00,769.3499755859375,2026-08-30,-0.09161256674421296,775.1567936392323,0.010167786302037317,0.1969816970229149
2026-11-30,0.25205479452054796,P,703.0,6.05,6.1,6.074999999999999,0.04999999999999982,4.0,6,0.18503622589111324,2026-08-28 19:48:54+00:00,769.3499755859375,2026-08-30,-0.09018907895935917,775.1567936392323,0.010167786302037317,0.1960836346745491
2026-11-30,0.25205479452054796,P,704.0,6.14,6.19,6.165,0.05000000000000071,2.0,182,0.18405967315673827,2026-08-28 18:35:33+00:00,769.3499755859375,2026-08-30,-0.08876761461198167,775.1567936392323,0.010167786302037317,0.19516769450902938
2026-11-30,0.25205479452054796,P,705.0,6.23,6.28,6.255000000000001,0.04999999999999982,3.0,520,0.18308312042236324,2026-08-28 19:49:35+00:00,769.3499755859375,2026-08-30,-0.08734816795775542,775.1567936392323,0.010167786302037317,0.19423447245359415
2026-11-30,0.25205479452054796,P,706.0,6.32,6.37,6.345000000000001,0.04999999999999982,3.0,248,0.18207605041503905,2026-08-28 15:25:41+00:00,769.3499755859375,2026-08-30,-0.085930733276782,775.1567936392323,0.010167786302037317,0.1932833725810051
2026-11-30,0.25205479452054796,P,707.0,6.42,6.46,6.4399999999999995,0.040000000000000036,1.0,47,0.18105372177124018,2026-08-28 14:45:02+00:00,769.3499755859375,2026-08-30,-0.08451530487345131,775.1567936392323,0.010167786302037317,0.19236922019720076
2026-11-30,0.25205479452054796,P,708.0,6.51,6.56,6.535,0.04999999999999982,2.0,43,0.18012294494628905,2026-08-27 19:58:03+00:00,769.3499755859375,2026-08-30,-0.0831018770763043,775.1567936392323,0.010167786302037317,0.19143659406900404
2026-11-30,0.25205479452054796,P,709.0,6.61,6.66,6.635,0.04999999999999982,1.0,437,0.17916165084838864,2026-08-28 14:44:08+00:00,769.3499755859375,2026-08-30,-0.08169044423789655,775.1567936392323,0.010167786302037317,0.19053853172063828
2026-11-30,0.25205479452054796,P,710.0,6.71,6.76,6.734999999999999,0.04999999999999982,100.0,418,0.17818509811401367,2026-08-28 16:48:09+00:00,769.3499755859375,2026-08-30,-0.08028100073466295,775.1567936392323,0.010167786302037317,0.18962139970064162
2026-11-30,0.25205479452054796,P,711.0,6.81,6.86,6.835,0.05000000000000071,3.0,206,0.17719328674316404,2026-08-28 16:08:16+00:00,769.3499755859375,2026-08-30,-0.07887354096678317,775.1567936392323,0.010167786302037317,0.18868579393625262
2026-11-30,0.25205479452054796,P,712.0,6.91,6.96,6.9350000000000005,0.04999999999999982,3.0,1246,0.17618621673583984,2026-08-28 14:21:59+00:00,769.3499755859375,2026-08-30,-0.07746805935804828,775.1567936392323,0.010167786302037317,0.18773171442747116
2026-11-30,0.25205479452054796,P,713.0,7.01,7.07,7.04,0.0600000000000005,3.0,16,0.17524018127441404,2026-08-28 16:32:20+00:00,769.3499755859375,2026-08-30,-0.07606455035572811,775.1567936392323,0.010167786302037317,0.18680921906232834
2026-11-30,0.25205479452054796,P,714.0,7.12,7.17,7.145,0.04999999999999982,1.0,119,0.17420259399414065,2026-08-27 13:44:07+00:00,769.3499755859375,2026-08-30,-0.07466300843043966,775.1567936392323,0.010167786302037317,0.18586765402555466
2026-11-30,0.25205479452054796,P,715.0,7.23,7.28,7.255000000000001,0.04999999999999982,4.0,107,0.17322604125976562,2026-08-28 19:09:44+00:00,769.3499755859375,2026-08-30,-0.07326342807601638,775.1567936392323,0.010167786302037317,0.18495648127794267
2026-11-30,0.25205479452054796,P,716.0,7.34,7.39,7.365,0.04999999999999982,1.0,87,0.17221897125244146,2026-08-28 15:06:10+00:00,769.3499755859375,2026-08-30,-0.07186580380937842,775.1567936392323,0.010167786302037317,0.18402504700422284
2026-11-30,0.25205479452054796,P,717.0,7.45,7.51,7.48,0.05999999999999961,1.0,66,0.17130345306396483,2026-08-18 16:15:39+00:00,769.3499755859375,2026-08-30,-0.07047013017040367,775.1567936392323,0.010167786302037317,0.1831228131651878
2026-11-30,0.25205479452054796,P,718.0,7.57,7.62,7.595000000000001,0.04999999999999982,9.0,53,0.17026586578369146,2026-08-28 16:32:49+00:00,769.3499755859375,2026-08-30,-0.06907640172179985,775.1567936392323,0.010167786302037317,0.18219972187280653
2026-11-30,0.25205479452054796,P,719.0,7.69,7.74,7.715,0.04999999999999982,6.0,22,0.16930457168579105,2026-08-28 16:52:19+00:00,769.3499755859375,2026-08-30,-0.06768461304897734,775.1567936392323,0.010167786302037317,0.18130344730615616
2026-11-30,0.25205479452054796,P,720.0,7.81,7.86,7.835,0.05000000000000071,17.0,454,0.16831276031494147,2026-08-28 14:42:52+00:00,769.3499755859375,2026-08-30,-0.06629475875992302,775.1567936392323,0.010167786302037317,0.18038631528615956
2026-11-30,0.25205479452054796,P,721.0,7.93,7.99,7.96,0.0600000000000005,2.0,187,0.16739724212646484,2026-08-28 16:08:16+00:00,769.3499755859375,2026-08-30,-0.06490683348507495,775.1567936392323,0.010167786302037317,0.17949421221017836
2026-11-30,0.25205479452054796,P,722.0,8.06,8.11,8.085,0.049999999999998934,2.0,61,0.16635965484619147,2026-08-28 15:32:49+00:00,769.3499755859375,2026-08-30,-0.06352083187719779,775.1567936392323,0.010167786302037317,0.17858065575361254
2026-11-30,0.25205479452054796,P,723.0,8.19,8.24,8.215,0.05000000000000071,25.0,233,0.16539836074829106,2026-08-28 17:23:32+00:00,769.3499755859375,2026-08-30,-0.062136748611259326,775.1567936392323,0.010167786302037317,0.17769093638658529
2026-11-30,0.25205479452054796,P,724.0,8.32,8.37,8.344999999999999,0.049999999999998934,6.0,213,0.16440654937744142,2026-08-28 19:35:31+00:00,769.3499755859375,2026-08-30,-0.060754578384307645,775.1567936392323,0.010167786302037317,0.1767791677117348
2026-11-30,0.25205479452054796,P,725.0,8.45,8.51,8.48,0.0600000000000005,69.0,564,0.16349103118896485,2026-08-28 19:51:20+00:00,769.3499755859375,2026-08-30,-0.05937431591534923,775.1567936392323,0.010167786302037317,0.1758894483447075
2026-11-30,0.25205479452054796,P,726.0,8.59,8.65,8.620000000000001,0.0600000000000005,1.0,96,0.16252973709106444,2026-08-28 15:06:10+00:00,769.3499755859375,2026-08-30,-0.05799595594522804,775.1567936392323,0.010167786302037317,0.17502177828550342
2026-11-30,0.25205479452054796,P,727.0,8.73,8.79,8.76,0.05999999999999872,1.0,90,0.16156844299316403,2026-08-28 15:36:07+00:00,769.3499755859375,2026-08-30,-0.05661949323650475,775.1567936392323,0.010167786302037317,0.17412967520952227
2026-11-30,0.25205479452054796,P,728.0,8.87,8.93,8.899999999999999,0.0600000000000005,1.0,310,0.16056137298583983,2026-08-28 14:58:30+00:00,769.3499755859375,2026-08-30,-0.05524492257333815,775.1567936392323,0.010167786302037317,0.173214330971241
2026-11-30,0.25205479452054796,P,729.0,9.02,9.08,9.05,0.0600000000000005,3.0,67,0.15961533752441404,2026-08-28 19:16:47+00:00,769.3499755859375,2026-08-30,-0.053872238761365966,775.1567936392323,0.010167786302037317,0.172362155020237
2026-11-30,0.25205479452054796,P,730.0,9.17,9.23,9.2,0.0600000000000005,52.0,439,0.15865404342651368,2026-08-28 18:54:14+00:00,769.3499755859375,2026-08-30,-0.0525014366275873,775.1567936392323,0.010167786302037317,0.17148554605245592
2026-11-30,0.25205479452054796,P,731.0,9.32,9.38,9.350000000000001,0.0600000000000005,5.0,79,0.15766223205566404,2026-08-28 15:06:32+00:00,769.3499755859375,2026-08-30,-0.0511325110202456,775.1567936392323,0.010167786302037317,0.17058331221342088
2026-11-30,0.25205479452054796,P,732.0,9.48,9.54,9.51,0.05999999999999872,2.0,28,0.1567314552307129,2026-08-24 15:21:54+00:00,769.3499755859375,2026-08-30,-0.04976545680871255,775.1567936392323,0.010167786302037317,0.1697412670254707
2026-11-30,0.25205479452054796,P,733.0,9.64,9.7,9.67,0.05999999999999872,1.0,38,0.1557701611328125,2026-08-27 13:44:08+00:00,769.3499755859375,2026-08-30,-0.04840026888337261,775.1567936392323,0.010167786302037317,0.1688730010390282
2026-11-30,0.25205479452054796,P,734.0,9.8,9.87,9.835,0.06999999999999851,4.0,81,0.15485464294433599,2026-08-28 19:35:31+00:00,769.3499755859375,2026-08-30,-0.04703694215550852,775.1567936392323,0.010167786302037317,0.16802022916078568
2026-11-30,0.25205479452054796,P,735.0,9.97,10.03,10.0,0.05999999999999872,1.0,459,0.15383231430053712,2026-08-28 15:52:01+00:00,769.3499755859375,2026-08-30,-0.045675471557187416,775.1567936392323,0.010167786302037317,0.16714064055681227
2026-11-30,0.25205479452054796,P,736.0,10.14,10.21,10.175,0.07000000000000028,1.0,133,0.15294731338500983,2026-08-27 19:50:18+00:00,769.3499755859375,2026-08-30,-0.04431585204114785,775.1567936392323,0.010167786302037317,0.16631647318601606
2026-11-30,0.25205479452054796,P,737.0,10.32,10.38,10.350000000000001,0.0600000000000005,3.0,185,0.1519555020141602,2026-08-26 19:48:40+00:00,769.3499755859375,2026-08-30,-0.04295807858068749,775.1567936392323,0.010167786302037317,0.16546429723501205
2026-11-30,0.25205479452054796,P,738.0,10.5,10.56,10.530000000000001,0.0600000000000005,1.0,386,0.15100946655273442,2026-08-28 15:04:04+00:00,769.3499755859375,2026-08-30,-0.04160214616955159,775.1567936392323,0.010167786302037317,0.16462403982877732
2026-11-30,0.25205479452054796,P,739.0,10.68,10.75,10.715,0.07000000000000028,3.0,180,0.15010920700073244,2026-08-28 14:54:02+00:00,769.3499755859375,2026-08-30,-0.04024804982182231,775.1567936392323,0.010167786302037317,0.16379629689455028
2026-11-30,0.25205479452054796,P,740.0,10.87,10.94,10.905,0.07000000000000028,153.0,1562,0.14916317153930664,2026-08-28 19:24:07+00:00,769.3499755859375,2026-08-30,-0.038895784571808645,775.1567936392323,0.010167786302037317,0.1629780887961388
2026-11-30,0.25205479452054796,P,741.0,11.06,11.13,11.095,0.07000000000000028,4.0,116,0.14820187744140628,2026-08-28 19:24:42+00:00,769.3499755859375,2026-08-30,-0.03754534547393719,775.1567936392323,0.010167786302037317,0.1621312761902809
2026-11-30,0.25205479452054796,P,742.0,11.26,11.33,11.295,0.07000000000000028,1.0,124,0.1472863592529297,2026-08-28 19:36:47+00:00,769.3499755859375,2026-08-30,-0.03619672760264363,775.1567936392323,0.010167786302037317,0.16133273369073864
2026-11-30,0.25205479452054796,P,743.0,11.46,11.53,11.495000000000001,0.06999999999999851,2.0,95,0.1463403237915039,2026-08-28 19:24:42+00:00,769.3499755859375,2026-08-30,-0.034849926052264904,775.1567936392323,0.010167786302037317,0.16050379890203476
2026-11-30,0.25205479452054796,P,744.0,11.67,11.74,11.705,0.07000000000000028,1.0,44,0.14542480560302734,2026-08-27 17:01:30+00:00,769.3499755859375,2026-08-30,-0.033504935936932205,775.1567936392323,0.010167786302037317,0.15972075051069257
2026-11-30,0.25205479452054796,P,745.0,11.88,11.95,11.915,0.06999999999999851,57.0,211,0.14447877014160154,2026-08-28 19:48:15+00:00,769.3499755859375,2026-08-30,-0.03216175239046455,775.1567936392323,0.010167786302037317,0.15890611797571175
2026-11-30,0.25205479452054796,P,746.0,12.1,12.17,12.135,0.07000000000000028,2.0,498,0.14357851058959958,2026-08-27 15:33:56+00:00,769.3499755859375,2026-08-30,-0.030820370566263213,775.1567936392323,0.010167786302037317,0.1581355840563774
2026-11-30,0.25205479452054796,P,747.0,12.32,12.39,12.355,0.07000000000000028,1.0,61,0.14263247512817384,2026-08-28 14:19:43+00:00,769.3499755859375,2026-08-30,-0.029480785637206755,775.1567936392323,0.010167786302037317,0.15733227413892747
2026-11-30,0.25205479452054796,P,748.0,12.55,12.62,12.585,0.06999999999999851,31.0,363,0.14173221557617188,2026-08-26 15:44:36+00:00,769.3499755859375,2026-08-30,-0.028142992795546815,775.1567936392323,0.010167786302037317,0.15657127505540847
2026-11-30,0.25205479452054796,P,749.0,12.78,12.86,12.82,0.08000000000000007,2.0,447,0.14086247329711915,2026-08-27 18:07:46+00:00,769.3499755859375,2026-08-30,-0.026806987252804577,775.1567936392323,0.010167786302037317,0.15581325560808185
2026-11-30,0.25205479452054796,P,750.0,13.02,13.09,13.055,0.07000000000000028,106.0,1944,0.13988592056274413,2026-08-28 19:56:24+00:00,769.3499755859375,2026-08-30,-0.025472764239667926,775.1567936392323,0.010167786302037317,0.15502126830816265
2026-11-30,0.25205479452054796,P,751.0,13.27,13.34,13.305,0.07000000000000028,23.0,56,0.13901617828369145,2026-08-26 18:45:51+00:00,769.3499755859375,2026-08-30,-0.024140319005889303,775.1567936392323,0.010167786302037317,0.1543043678402901
2026-11-30,0.25205479452054796,P,752.0,13.52,13.59,13.555,0.07000000000000028,4.0,149,0.13810066009521482,2026-08-28 15:19:44+00:00,769.3499755859375,2026-08-30,-0.022809646820184222,775.1567936392323,0.010167786302037317,0.15355230766534805
2026-11-30,0.25205479452054796,P,753.0,13.77,13.85,13.809999999999999,0.08000000000000007,1.0,80,0.13723091781616215,2026-08-27 18:14:45+00:00,769.3499755859375,2026-08-30,-0.021480742970130466,775.1567936392323,0.010167786302037317,0.1528008434176445
2026-11-30,0.25205479452054796,P,754.0,14.03,14.11,14.07,0.08000000000000007,1.0,92,0.13630014099121096,2026-08-27 16:44:33+00:00,769.3499755859375,2026-08-30,-0.020153602762067967,775.1567936392323,0.010167786302037317,0.15204997509717938
2026-11-30,0.25205479452054796,P,755.0,14.3,14.38,14.34,0.08000000000000007,5.0,152,0.13541514007568362,2026-08-28 19:40:04+00:00,769.3499755859375,2026-08-30,-0.018828221520999333,775.1567936392323,0.010167786302037317,0.15133307462930679
2026-11-30,0.25205479452054796,P,756.0,14.58,14.66,14.620000000000001,0.08000000000000007,1.0,50,0.13454539779663088,2026-08-27 18:28:08+00:00,769.3499755859375,2026-08-30,-0.017504594590491036,775.1567936392323,0.010167786302037317,0.1506489501595497
2026-11-30,0.25205479452054796,P,757.0,14.86,14.94,14.899999999999999,0.08000000000000007,2.0,293,0.13364513824462892,2026-08-28 16:25:47+00:00,769.3499755859375,2026-08-30,-0.016182717332575255,775.1567936392323,0.010167786302037317,0.14992787820100784
2026-11-30,0.25205479452054796,P,758.0,15.15,15.23,15.190000000000001,0.08000000000000007,10.0,153,0.13276013732910158,2026-08-28 18:15:10+00:00,769.3499755859375,2026-08-30,-0.014862585127652372,775.1567936392323,0.010167786302037317,0.1492377944588661
2026-11-30,0.25205479452054796,P,759.0,15.45,15.53,15.489999999999998,0.08000000000000007,3.0,175,0.13190565368652346,2026-08-24 18:30:14+00:00,769.3499755859375,2026-08-30,-0.0135441933743941,775.1567936392323,0.010167786302037317,0.14857869893312453
2026-11-30,0.25205479452054796,P,760.0,15.75,15.83,15.79,0.08000000000000007,98.0,2063,0.13100539413452145,2026-08-28 18:46:27+00:00,769.3499755859375,2026-08-30,-0.01222753748964726,775.1567936392323,0.010167786302037317,0.14788027220964428
2026-11-30,0.25205479452054796,P,761.0,16.06,16.14,16.1,0.08000000000000185,1.0,813,0.13013565185546871,2026-08-28 14:34:11+00:00,769.3499755859375,2026-08-30,-0.010912612908338185,775.1567936392323,0.010167786302037317,0.14721044999361038
2026-11-30,0.25205479452054796,P,762.0,16.38,16.46,16.42,0.08000000000000185,2.0,55,0.12926590957641604,2026-08-27 15:50:24+00:00,769.3499755859375,2026-08-30,-0.009599415083377744,775.1567936392323,0.010167786302037317,0.14656863635778422
2026-11-30,0.25205479452054796,P,763.0,16.7,16.79,16.744999999999997,0.08999999999999986,2.0,59,0.12843431388854978,2026-08-28 17:11:59+00:00,769.3499755859375,2026-08-30,-0.00828793948556701,775.1567936392323,0.010167786302037317,0.14592026752233506
2026-11-30,0.25205479452054796,P,764.0,17.04,17.12,17.08,0.08000000000000185,17.0,69,0.1275493129730225,2026-08-28 19:30:02+00:00,769.3499755859375,2026-08-30,-0.0069781816035035206,775.1567936392323,0.010167786302037317,0.14529752355813974
2026-11-30,0.25205479452054796,P,765.0,17.38,17.47,17.424999999999997,0.08999999999999986,32.0,196,0.12674823455810547,2026-08-28 16:46:34+00:00,769.3499755859375,2026-08-30,-0.005670136943488171,775.1567936392323,0.010167786302037317,0.14469980853796005
2026-11-30,0.25205479452054796,P,766.0,17.73,17.82,17.775,0.08999999999999986,1.0,139,0.12589375091552735,2026-08-28 13:49:47+00:00,769.3499755859375,2026-08-30,-0.004363801029432819,775.1567936392323,0.010167786302037317,0.14409375053644174
2026-11-30,0.25205479452054796,P,767.0,18.09,18.18,18.134999999999998,0.08999999999999986,4.0,39,0.12505452590942384,2026-08-28 16:46:13+00:00,769.3499755859375,2026-08-30,-0.0030591694027679284,775.1567936392323,0.010167786302037317,0.14351093369722362
2026-11-30,0.25205479452054796,P,768.0,18.45,18.54,18.494999999999997,0.08999999999999986,6.0,113,0.1241695249938965,2026-08-28 19:09:20+00:00,769.3499755859375,2026-08-30,-0.0017562376223519457,775.1567936392323,0.010167786302037317,0.14288521009683608
2026-11-30,0.25205479452054796,P,769.0,18.83,18.92,18.875,0.09000000000000341,25.0,149,0.1233608172607422,2026-08-28 20:14:06+00:00,769.3499755859375,2026-08-30,-0.00045500126438013493,775.1567936392323,0.010167786302037317,0.1423476837277412
2026-12-31,0.336986301369863,C,770.0,29.08,29.6,29.34,0.5200000000000031,70.0,1555,0.16719887985229492,2026-08-28 19:30:13+00:00,769.3499755859375,2026-08-30,0.0008445440777054266,776.3874669205677,0.012978908036110234,0.14760137826204295
2026-12-31,0.336986301369863,C,775.0,26.01,26.08,26.045,0.06999999999999673,192.0,2830,0.16048507980346682,2026-08-28 19:54:40+00:00,769.3499755859375,2026-08-30,0.007317058583323013,776.3874669205677,0.012978908036110234,0.14309676426649093
2026-12-31,0.336986301369863,C,780.0,23.14,23.21,23.175,0.07000000000000028,156.0,2495,0.15663227409362795,2026-08-28 19:46:09+00:00,769.3499755859375,2026-08-30,0.013747948913613342,776.3874669205677,0.012978908036110234,0.14017076152563096
2026-12-31,0.336986301369863,C,785.0,20.46,20.54,20.5,0.0799999999999983,286.0,1422,0.15306938247680668,2026-08-28 18:32:49+00:00,769.3499755859375,2026-08-30,0.020137747012384258,776.3874669205677,0.012978908036110234,0.13746823149919507
2026-12-31,0.336986301369863,C,790.0,17.99,18.06,18.025,0.07000000000000028,403.0,1894,0.14972774108886722,2026-08-28 18:32:49+00:00,769.3499755859375,2026-08-30,0.02648697469104313,776.3874669205677,0.012978908036110234,0.1349814271330833
2026-12-31,0.336986301369863,C,795.0,15.71,15.78,15.745000000000001,0.06999999999999851,1.0,1288,0.14661497924804687,2026-08-28 16:26:59+00:00,769.3499755859375,2026-08-30,0.03279614388430776,776.3874669205677,0.012978908036110234,0.13266029053926465
2026-12-31,0.336986301369863,C,800.0,13.64,13.71,13.675,0.07000000000000028,107.0,5513,0.14380739013671873,2026-08-28 19:40:26+00:00,769.3499755859375,2026-08-30,0.03906575689790327,776.3874669205677,0.012978908036110234,0.1305834841132164
2026-12-31,0.336986301369863,C,805.0,11.78,11.84,11.809999999999999,0.0600000000000005,5.0,925,0.1412286805725098,2026-08-28 15:48:06+00:00,769.3499755859375,2026-08-30,0.04529630664853925,776.3874669205677,0.012978908036110234,0.12873193818330764
2026-12-31,0.336986301369863,C,810.0,10.11,10.17,10.14,0.0600000000000005,6.0,3033,0.13892462646484377,2026-08-28 19:28:58+00:00,769.3499755859375,2026-08-30,0.051488276896460454,776.3874669205677,0.012978908036110234,0.12707049304246903
2026-12-31,0.336986301369863,C,815.0,8.63,8.68,8.655000000000001,0.049999999999998934,60.0,3484,0.1368113053131104,2026-08-28 19:52:02+00:00,769.3499755859375,2026-08-30,0.05764214247083862,776.3874669205677,0.012978908036110234,0.12557769531011576
2026-12-31,0.336986301369863,C,820.0,7.32,7.38,7.35,0.05999999999999961,261.0,1299,0.13500315689086917,2026-08-28 18:10:48+00:00,769.3499755859375,2026-08-30,0.06375836948827483,776.3874669205677,0.012978908036110234,0.12427916985750198
2026-12-31,0.336986301369863,C,825.0,6.19,6.24,6.215,0.04999999999999982,5.0,2784,0.13337048278808594,2026-08-28 15:19:53+00:00,769.3499755859375,2026-08-30,0.06983741556465692,776.3874669205677,0.012978908036110234,0.12318385559320448
2026-12-31,0.336986301369863,C,830.0,5.2,5.24,5.220000000000001,0.040000000000000036,66.0,3116,0.1318293605041504,2026-08-28 19:52:43+00:00,769.3499755859375,2026-08-30,0.07587973002061946,776.3874669205677,0.012978908036110234,0.12214992183446884
2026-12-31,0.336986301369863,C,835.0,4.34,4.38,4.359999999999999,0.040000000000000036,6.0,2953,0.13047134185791015,2026-08-28 17:47:24+00:00,769.3499755859375,2026-08-30,0.08188575408083144,776.3874669205677,0.012978908036110234,0.12122444683313367
2026-12-31,0.336986301369863,C,840.0,3.6,3.65,3.625,0.04999999999999982,10.0,2351,0.12934220275878905,2026-08-28 19:49:06+00:00,769.3499755859375,2026-08-30,0.08785592106733517,776.3874669205677,0.012978908036110234,0.12042888396978378
2026-12-31,0.336986301369863,C,845.0,2.97,3.02,2.995,0.04999999999999982,11.0,1421,0.12824358093261717,2026-08-28 19:21:37+00:00,769.3499755859375,2026-08-30,0.09379065658714984,776.3874669205677,0.012978908036110234,0.11968576270341874
2026-12-31,0.336986301369863,C,850.0,2.44,2.48,2.46,0.040000000000000036,24.0,12887,0.12717547637939453,2026-08-28 20:10:30+00:00,769.3499755859375,2026-08-30,0.09969037871433804,776.3874669205677,0.012978908036110234,0.11900283008813857
2026-12-31,0.336986301369863,C,855.0,2.0,2.04,2.02,0.040000000000000036,2.0,1450,0.12641254455566403,2026-08-28 18:40:40+00:00,769.3499755859375,2026-08-30,0.10555549816673623,776.3874669205677,0.012978908036110234,0.11853681498765947
2026-12-31,0.336986301369863,C,860.0,1.64,1.67,1.6549999999999998,0.030000000000000027,8.0,2910,0.12574116455078127,2026-08-28 19:56:40+00:00,769.3499755859375,2026-08-30,0.11138641847752935,776.3874669205677,0.012978908036110234,0.11819356089830399
2026-12-31,0.336986301369863,C,865.0,1.34,1.37,1.355,0.030000000000000027,254.0,1353,0.12528340545654298,2026-08-28 14:42:02+00:00,769.3499755859375,2026-08-30,0.11718353616185516,776.3874669205677,0.012978908036110234,0.11798915785551073
2026-12-31,0.336986301369863,C,870.0,1.09,1.12,1.105,0.030000000000000027,10.0,1804,0.12488668090820312,2026-08-28 18:15:08+00:00,769.3499755859375,2026-08-30,0.12294724087860535,776.3874669205677,0.012978908036110234,0.11782170230150221
2026-12-31,0.336986301369863,C,875.0,0.9,0.92,0.91,0.020000000000000018,502.0,294,0.12476461181640625,2026-08-28 16:18:28+00:00,769.3499755859375,2026-08-30,0.12867791558759029,776.3874669205677,0.012978908036110234,0.11798975378274919
2026-12-31,0.336986301369863,C,880.0,0.74,0.76,0.75,0.020000000000000018,1.0,437,0.12482564636230468,2026-08-28 18:21:14+00:00,769.3499755859375,2026-08-30,0.13437593670222814,776.3874669205677,0.012978908036110234,0.11824838620424269
2026-12-31,0.336986301369863,C,885.0,0.61,0.64,0.625,0.030000000000000027,1.0,1267,0.12537495727539064,2026-08-28 15:13:19+00:00,769.3499755859375,2026-08-30,0.14004167423790542,776.3874669205677,0.012978908036110234,0.11878650850057602
2026-12-31,0.336986301369863,C,890.0,0.51,0.53,0.52,0.020000000000000018,1.0,547,0.1256190954589844,2026-08-28 15:28:17+00:00,769.3499755859375,2026-08-30,0.14567549195616153,776.3874669205677,0.012978908036110234,0.11932224708795548
2026-12-31,0.336986301369863,C,895.0,0.43,0.45,0.44,0.020000000000000018,251.0,775,0.12641254455566403,2026-08-28 19:59:04+00:00,769.3499755859375,2026-08-30,0.15127774750483128,776.3874669205677,0.012978908036110234,0.12019289678335189
2026-12-31,0.336986301369863,C,900.0,0.37,0.38,0.375,0.010000000000000009,64.0,7778,0.12708392456054687,2026-08-28 17:12:43+00:00,769.3499755859375,2026-08-30,0.15684879255428677,776.3874669205677,0.012978908036110234,0.12118869119882582
2026-12-31,0.336986301369863,C,905.0,0.31,0.33,0.32,0.020000000000000018,1.0,364,0.1283046154785156,2026-08-28 13:33:59+00:00,769.3499755859375,2026-08-30,0.16238897292990206,776.3874669205677,0.012978908036110234,0.1221922326683998
2026-12-31,0.336986301369863,C,910.0,0.27,0.29,0.28,0.019999999999999962,3.0,569,0.12964737548828126,2026-08-28 18:54:41+00:00,769.3499755859375,2026-08-30,0.16789862874087158,776.3874669205677,0.012978908036110234,0.12360219651460647
2026-12-31,0.336986301369863,C,915.0,0.24,0.26,0.25,0.020000000000000018,6.0,543,0.1313563427734375,2026-08-24 16:57:25+00:00,769.3499755859375,2026-08-30,0.1733780945054973,776.3874669205677,0.012978908036110234,0.12531131583452226
2026-12-31,0.336986301369863,C,920.0,0.21,0.23,0.22,0.020000000000000018,10.0,399,0.13269910278320313,2026-08-27 16:37:33+00:00,769.3499755859375,2026-08-30,0.17882769927306189,776.3874669205677,0.012978908036110234,0.126736773788929
2026-12-31,0.336986301369863,C,925.0,0.19,0.2,0.195,0.010000000000000009,15.0,148,0.133797724609375,2026-08-25 15:15:23+00:00,769.3499755859375,2026-08-30,0.18424776674240118,776.3874669205677,0.012978908036110234,0.128240894138813
2026-12-31,0.336986301369863,C,930.0,0.17,0.18,0.175,0.009999999999999981,1.0,337,0.13538462280273442,2026-08-28 17:22:49+00:00,769.3499755859375,2026-08-30,0.18963861537727753,776.3874669205677,0.012978908036110234,0.1299029352068901
2026-12-31,0.336986301369863,C,935.0,0.15,0.17,0.16,0.020000000000000018,1.0,143,0.13770393554687502,2026-08-25 19:41:41+00:00,769.3499755859375,2026-08-30,0.19500055851866302,776.3874669205677,0.012978908036110234,0.13181466978788375
2026-12-31,0.336986301369863,C,940.0,0.14,0.15,0.14500000000000002,0.009999999999999981,3.0,780,0.13892462646484377,2026-08-28 18:54:12+00:00,769.3499755859375,2026-08-30,0.20033390449402552,776.3874669205677,0.012978908036110234,0.13354285877943034
2026-12-31,0.336986301369863,P,545.0,1.66,1.68,1.67,0.020000000000000018,3.0,1116,0.3257513714599609,2026-08-28 14:49:30+00:00,769.3499755859375,2026-08-30,-0.34476017610678,776.3874669205677,0.012978908036110234,0.3343143209815026
2026-12-31,0.336986301369863,P,550.0,1.73,1.75,1.74,0.020000000000000018,1.0,2140,0.320746538696289,2026-08-28 14:36:31+00:00,769.3499755859375,2026-08-30,-0.33562769254350744,776.3874669205677,0.012978908036110234,0.3293538226485253
2026-12-31,0.336986301369863,P,555.0,1.81,1.83,1.82,0.020000000000000018,2.0,628,0.3159858441162109,2026-08-27 13:31:55+00:00,769.3499755859375,2026-08-30,-0.32657785702358955,776.3874669205677,0.012978908036110234,0.3246340789198876
2026-12-31,0.336986301369863,P,560.0,1.89,1.92,1.9049999999999998,0.030000000000000027,1.0,820,0.31140825317382803,2026-08-28 19:46:58+00:00,769.3499755859375,2026-08-30,-0.31760918704082913,776.3874669205677,0.012978908036110234,0.31996320122480393
2026-12-31,0.336986301369863,P,565.0,1.98,2.01,1.9949999999999999,0.029999999999999805,1.0,409,0.3067085931396484,2026-08-24 13:42:49+00:00,769.3499755859375,2026-08-30,-0.3087202396235831,776.3874669205677,0.012978908036110234,0.3153286750912666
2026-12-31,0.336986301369863,P,570.0,2.07,2.1,2.085,0.03000000000000025,56.0,715,0.30188686401367193,2026-08-27 17:11:34+00:00,769.3499755859375,2026-08-30,-0.2999096099414283,776.3874669205677,0.012978908036110234,0.3105767512917519
2026-12-31,0.336986301369863,P,575.0,2.17,2.2,2.185,0.03000000000000025,1.0,821,0.29718720397949216,2026-08-28 15:56:33+00:00,769.3499755859375,2026-08-30,-0.29117592997267366,776.3874669205677,0.012978908036110234,0.30599049526453015
2026-12-31,0.336986301369863,P,580.0,2.28,2.3,2.29,0.020000000000000018,7.0,2179,0.29242650939941395,2026-08-28 19:33:56+00:00,769.3499755859375,2026-08-30,-0.28251786722955907,776.3874669205677,0.012978908036110234,0.30141079443693153
2026-12-31,0.336986301369863,P,585.0,2.39,2.41,2.4000000000000004,0.020000000000000018,16.0,177,0.28778788391113275,2026-08-27 14:55:00+00:00,769.3499755859375,2026-08-30,-0.2739341235381676,776.3874669205677,0.012978908036110234,0.296829901754856
2026-12-31,0.336986301369863,P,590.0,2.5,2.53,2.5149999999999997,0.029999999999999805,26.0,615,0.28321029296874994,2026-08-28 17:00:58+00:00,769.3499755859375,2026-08-30,-0.2654234338702589,776.3874669205677,0.012978908036110234,0.29223947423696506
2026-12-31,0.336986301369863,P,595.0,2.63,2.66,2.645,0.03000000000000025,36.0,582,0.27875477111816405,2026-08-28 17:03:17+00:00,769.3499755859375,2026-08-30,-0.2569845652243943,776.3874669205677,0.012978908036110234,0.28786358052492134
2026-12-31,0.336986301369863,P,600.0,2.76,2.79,2.775,0.03000000000000025,19.0,3400,0.2741466629028321,2026-08-28 17:02:00+00:00,769.3499755859375,2026-08-30,-0.24861631555387764,776.3874669205677,0.012978908036110234,0.2833357253670692
2026-12-31,0.336986301369863,P,605.0,2.9,2.93,2.915,0.03000000000000025,10.0,3021,0.26959958923339844,2026-08-28 16:43:39+00:00,769.3499755859375,2026-08-30,-0.24031751273918253,776.3874669205677,0.012978908036110234,0.278876997768879
2026-12-31,0.336986301369863,P,610.0,3.05,3.08,3.065,0.03000000000000025,11.0,544,0.26511355010986326,2026-08-28 16:42:09+00:00,769.3499755859375,2026-08-30,-0.2320870136026672,776.3874669205677,0.012978908036110234,0.27446832805871957
2026-12-31,0.336986301369863,P,615.0,3.21,3.24,3.225,0.03000000000000025,12.0,7071,0.2606275109863281,2026-08-28 16:41:25+00:00,769.3499755859375,2026-08-30,-0.22392370296350625,776.3874669205677,0.012978908036110234,0.2700930302739143
2026-12-31,0.336986301369863,P,620.0,3.37,3.41,3.39,0.040000000000000036,24.0,3097,0.25617198913574224,2026-08-28 19:54:29+00:00,769.3499755859375,2026-08-30,-0.21582649273088686,776.3874669205677,0.012978908036110234,0.26564443343877797
2026-12-31,0.336986301369863,P,621.0,3.41,3.44,3.425,0.029999999999999805,2.0,202,0.2551954364013672,2026-08-13 18:49:19+00:00,769.3499755859375,2026-08-30,-0.21421488883654533,776.3874669205677,0.012978908036110234,0.2647714000344277
2026-12-31,0.336986301369863,P,622.0,3.45,3.48,3.465,0.029999999999999805,10.0,69,0.2543714700317383,2026-08-24 13:44:41+00:00,769.3499755859375,2026-08-30,-0.21260587803084463,776.3874669205677,0.012978908036110234,0.2639806045889854
2026-12-31,0.336986301369863,P,623.0,3.48,3.52,3.5,0.040000000000000036,1.0,150,0.25354750366210943,2026-08-12 15:30:17+00:00,769.3499755859375,2026-08-30,-0.21099945198257095,776.3874669205677,0.012978908036110234,0.26309267300367356
2026-12-31,0.336986301369863,P,624.0,3.52,3.55,3.535,0.029999999999999805,2.0,154,0.2525709509277344,2026-08-26 16:39:47+00:00,769.3499755859375,2026-08-30,-0.2093956024005964,776.3874669205677,0.012978908036110234,0.26219759029150014
2026-12-31,0.336986301369863,P,625.0,3.56,3.59,3.575,0.029999999999999805,17.0,478,0.25171646728515623,2026-08-26 19:54:50+00:00,769.3499755859375,2026-08-30,-0.20779432103362258,776.3874669205677,0.012978908036110234,0.2613835536837579
2026-12-31,0.336986301369863,P,626.0,3.59,3.63,3.61,0.040000000000000036,1.0,104,0.25086198364257806,2026-08-28 14:18:31+00:00,769.3499755859375,2026-08-30,-0.20619559966992554,776.3874669205677,0.012978908036110234,0.2604741687178612
2026-12-31,0.336986301369863,P,627.0,3.63,3.67,3.65,0.040000000000000036,1.0,200,0.2500075,2026-08-13 13:38:12+00:00,769.3499755859375,2026-08-30,-0.20459943013710338,776.3874669205677,0.012978908036110234,0.25964463800191884
2026-12-31,0.336986301369863,P,628.0,3.67,3.7,3.685,0.03000000000000025,30.0,66,0.2490004299926758,2026-08-26 15:13:53+00:00,769.3499755859375,2026-08-30,-0.20300580430182538,776.3874669205677,0.012978908036110234,0.2587215467095375
2026-12-31,0.336986301369863,P,629.0,3.71,3.74,3.725,0.03000000000000025,2.0,281,0.24811542907714845,2026-08-19 16:08:37+00:00,769.3499755859375,2026-08-30,-0.20141471406958353,776.3874669205677,0.012978908036110234,0.257876521885395
2026-12-31,0.336986301369863,P,630.0,3.75,3.78,3.7649999999999997,0.029999999999999805,23.0,1133,0.2472609454345703,2026-08-28 16:38:07+00:00,769.3499755859375,2026-08-30,-0.19982615138444568,776.3874669205677,0.012978908036110234,0.25702315407991405
2026-12-31,0.336986301369863,P,631.0,3.79,3.82,3.8049999999999997,0.029999999999999805,11.0,240,0.246375944519043,2026-08-11 18:58:53+00:00,769.3499755859375,2026-08-30,-0.19824010822881089,776.3874669205677,0.012978908036110234,0.25616263514757154
2026-12-31,0.336986301369863,P,632.0,3.83,3.86,3.8449999999999998,0.029999999999999805,3.0,35,0.24549094360351562,2026-08-25 19:59:30+00:00,769.3499755859375,2026-08-30,-0.19665657662316663,776.3874669205677,0.012978908036110234,0.25529377323389046
2026-12-31,0.336986301369863,P,633.0,3.87,3.91,3.89,0.040000000000000036,1.0,60,0.2447280117797852,2026-08-28 17:07:36+00:00,769.3499755859375,2026-08-30,-0.19507554862584786,776.3874669205677,0.012978908036110234,0.25449940222501755
2026-12-31,0.336986301369863,P,634.0,3.91,3.95,3.93,0.040000000000000036,2.0,128,0.2438430108642578,2026-08-28 17:07:43+00:00,769.3499755859375,2026-08-30,-0.19349701633279812,776.3874669205677,0.012978908036110234,0.25361504620313646
2026-12-31,0.336986301369863,P,635.0,3.95,3.99,3.97,0.040000000000000036,1.0,567,0.24292749267578123,2026-08-28 17:01:36+00:00,769.3499755859375,2026-08-30,-0.1919209718773324,776.3874669205677,0.012978908036110234,0.25272294312715526
2026-12-31,0.336986301369863,P,636.0,4.0,4.03,4.015000000000001,0.03000000000000025,1.0,167,0.2419814572143555,2026-08-25 15:31:42+00:00,769.3499755859375,2026-08-30,-0.1903474074299019,776.3874669205677,0.012978908036110234,0.2519035431742668
2026-12-31,0.336986301369863,P,637.0,4.04,4.08,4.0600000000000005,0.040000000000000036,1.0,56,0.241218525390625,2026-08-28 14:11:17+00:00,769.3499755859375,2026-08-30,-0.1887763151978607,776.3874669205677,0.012978908036110234,0.25107460838556284
2026-12-31,0.336986301369863,P,638.0,4.08,4.12,4.1,0.040000000000000036,2.0,74,0.2402724899291992,2026-08-27 17:53:50+00:00,769.3499755859375,2026-08-30,-0.18720768742523414,776.3874669205677,0.012978908036110234,0.2501598600745202
2026-12-31,0.336986301369863,P,639.0,4.13,4.17,4.15,0.040000000000000036,109.0,560,0.23947904083251947,2026-08-26 14:01:10+00:00,769.3499755859375,2026-08-30,-0.18564151639248921,776.3874669205677,0.012978908036110234,0.249392305791378
2026-12-31,0.336986301369863,P,640.0,4.17,4.21,4.1899999999999995,0.040000000000000036,51.0,969,0.23853300537109373,2026-08-28 16:13:28+00:00,769.3499755859375,2026-08-30,-0.18407779441630648,776.3874669205677,0.012978908036110234,0.24846206337213517
2026-12-31,0.336986301369863,P,641.0,4.22,4.26,4.24,0.040000000000000036,1.0,219,0.23770903900146478,2026-08-24 16:45:23+00:00,769.3499755859375,2026-08-30,-0.18251651384935397,776.3874669205677,0.012978908036110234,0.24767663127183914
2026-12-31,0.336986301369863,P,642.0,5.14,5.17,5.154999999999999,0.03000000000000025,2.0,120,0.2488478436279297,2026-06-30 16:08:06+00:00,769.3499755859375,2026-08-30,-0.18095766708006283,776.3874669205677,0.012978908036110234,0.25929840427637096
2026-12-31,0.336986301369863,P,643.0,4.31,4.35,4.33,0.040000000000000036,244.0,260,0.23590851989746092,2026-08-20 16:22:54+00:00,769.3499755859375,2026-08-30,-0.17940124653240463,776.3874669205677,0.012978908036110234,0.2459281807541847
2026-12-31,0.336986301369863,P,644.0,4.36,4.4,4.380000000000001,0.040000000000000036,4.0,17,0.23508455352783203,2026-08-24 13:43:29+00:00,769.3499755859375,2026-08-30,-0.1778472446656704,776.3874669205677,0.012978908036110234,0.24511593192815778
2026-12-31,0.336986301369863,P,645.0,4.4,4.45,4.425000000000001,0.04999999999999982,51.0,663,0.2342300698852539,2026-08-27 16:51:14+00:00,769.3499755859375,2026-08-30,-0.1762956539742515,776.3874669205677,0.012978908036110234,0.2442208492159843
2026-12-31,0.336986301369863,P,646.0,4.45,4.5,4.475,0.04999999999999982,50.0,62,0.2333755862426758,2026-08-25 18:00:19+00:00,769.3499755859375,2026-08-30,-0.17474646698742216,776.3874669205677,0.012978908036110234,0.24339072257280353
2026-12-31,0.336986301369863,P,647.0,4.5,4.54,4.52,0.040000000000000036,4.0,251,0.23236851623535154,2026-08-28 18:48:39+00:00,769.3499755859375,2026-08-30,-0.17319967626912344,776.3874669205677,0.012978908036110234,0.24248014575243
2026-12-31,0.336986301369863,P,648.0,4.55,4.59,4.57,0.040000000000000036,4.0,23,0.2314835153198242,2026-08-28 18:48:39+00:00,769.3499755859375,2026-08-30,-0.17165527441774944,776.3874669205677,0.012978908036110234,0.2416327372193336
2026-12-31,0.336986301369863,P,649.0,4.6,4.64,4.619999999999999,0.040000000000000036,4.0,82,0.23059851440429688,2026-08-24 18:55:22+00:00,769.3499755859375,2026-08-30,-0.17011325406593414,776.3874669205677,0.012978908036110234,0.24077698570489886
2026-12-31,0.336986301369863,P,650.0,4.65,4.7,4.675000000000001,0.04999999999999982,60.0,1956,0.2298355825805664,2026-08-28 18:47:32+00:00,769.3499755859375,2026-08-30,-0.16857360788034131,776.3874669205677,0.012978908036110234,0.2399820187687874
2026-12-31,0.336986301369863,P,651.0,4.7,4.75,4.725,0.04999999999999982,3.0,64,0.22895058166503907,2026-08-28 14:16:06+00:00,769.3499755859375,2026-08-30,-0.16703632856145487,776.3874669205677,0.012978908036110234,0.23910838943719864
2026-12-31,0.336986301369863,P,652.0,4.76,4.8,4.779999999999999,0.040000000000000036,2.0,43,0.2280350634765625,2026-08-17 18:23:04+00:00,769.3499755859375,2026-08-30,-0.16550140884337117,776.3874669205677,0.012978908036110234,0.23829435282945632
2026-12-31,0.336986301369863,P,653.0,4.81,4.85,4.83,0.040000000000000036,1.0,140,0.22711954528808592,2026-08-14 16:13:24+00:00,769.3499755859375,2026-08-30,-0.16396884149359306,776.3874669205677,0.012978908036110234,0.23740284568071368
2026-12-31,0.336986301369863,P,654.0,5.86,5.9,5.880000000000001,0.040000000000000036,1.0,38,0.2386550744628906,2026-07-21 19:24:47+00:00,769.3499755859375,2026-08-30,-0.1624386193128254,776.3874669205677,0.012978908036110234,0.2494083958268165
2026-12-31,0.336986301369863,P,655.0,4.92,4.96,4.9399999999999995,0.040000000000000036,100.0,328,0.22538006072998046,2026-08-28 16:54:56+00:00,769.3499755859375,2026-08-30,-0.1609107351347722,776.3874669205677,0.012978908036110234,0.23572888606786724
2026-12-31,0.336986301369863,P,656.0,4.97,5.02,4.994999999999999,0.04999999999999982,2.0,155,0.2245560943603515,2026-08-28 14:16:06+00:00,769.3499755859375,2026-08-30,-0.15938518182593506,776.3874669205677,0.012978908036110234,0.23487790197134018
2026-12-31,0.336986301369863,P,657.0,5.03,5.07,5.050000000000001,0.040000000000000036,5.0,152,0.22361005889892577,2026-08-24 13:45:41+00:00,769.3499755859375,2026-08-30,-0.15786195228541358,776.3874669205677,0.012978908036110234,0.2340179789662361
2026-12-31,0.336986301369863,P,658.0,5.09,5.13,5.109999999999999,0.040000000000000036,2.0,108,0.22278609252929685,2026-08-28 14:13:39+00:00,769.3499755859375,2026-08-30,-0.1563410394447069,776.3874669205677,0.012978908036110234,0.23321347719430918
2026-12-31,0.336986301369863,P,659.0,5.14,5.19,5.165,0.05000000000000071,15.0,204,0.2219316088867187,2026-08-28 13:41:37+00:00,769.3499755859375,2026-08-30,-0.15482243626751688,776.3874669205677,0.012978908036110234,0.23233448451757432
2026-12-31,0.336986301369863,P,660.0,5.2,5.25,5.225,0.04999999999999982,6.0,833,0.2210771252441406,2026-08-28 18:47:32+00:00,769.3499755859375,2026-08-30,-0.15330613574955285,776.3874669205677,0.012978908036110234,0.23151091307401656
2026-12-31,0.336986301369863,P,661.0,5.26,5.31,5.285,0.04999999999999982,46.0,587,0.22020738296508785,2026-08-25 14:54:46+00:00,769.3499755859375,2026-08-30,-0.1517921309183378,776.3874669205677,0.012978908036110234,0.2306766149401665
2026-12-31,0.336986301369863,P,662.0,5.32,5.37,5.345000000000001,0.04999999999999982,1.0,136,0.21933764068603517,2026-08-18 19:30:36+00:00,769.3499755859375,2026-08-30,-0.15028041483301588,776.3874669205677,0.012978908036110234,0.2298333778977394
2026-12-31,0.336986301369863,P,663.0,5.38,5.43,5.404999999999999,0.04999999999999982,11.0,422,0.21845263977050777,2026-08-11 14:00:57+00:00,769.3499755859375,2026-08-30,-0.14877098058416158,776.3874669205677,0.012978908036110234,0.2289800100922585
2026-12-31,0.336986301369863,P,664.0,5.44,5.49,5.465,0.04999999999999982,2.0,339,0.21753712158203126,2026-08-10 14:22:47+00:00,769.3499755859375,2026-08-30,-0.14726382129359022,776.3874669205677,0.012978908036110234,0.2281171074509621
2026-12-31,0.336986301369863,P,665.0,5.51,5.55,5.529999999999999,0.040000000000000036,26.0,5871,0.2166521206665039,2026-08-28 18:03:44+00:00,769.3499755859375,2026-08-30,-0.14575893011416993,776.3874669205677,0.012978908036110234,0.2273054545521736
2026-12-31,0.336986301369863,P,666.0,5.57,5.61,5.59,0.040000000000000036,12.0,291,0.21573660247802734,2026-08-27 15:18:59+00:00,769.3499755859375,2026-08-30,-0.14425630022963493,776.3874669205677,0.012978908036110234,0.2264228863120079
2026-12-31,0.336986301369863,P,667.0,5.63,5.68,5.654999999999999,0.04999999999999982,2.0,539,0.21491263610839845,2026-08-28 15:39:28+00:00,769.3499755859375,2026-08-30,-0.14275592485440033,776.3874669205677,0.012978908036110234,0.2255909718871117
2026-12-31,0.336986301369863,P,668.0,5.7,5.74,5.720000000000001,0.040000000000000036,6.0,51,0.21399711791992188,2026-08-27 13:48:08+00:00,769.3499755859375,2026-08-30,-0.14125779723337833,776.3874669205677,0.012978908036110234,0.22474892669916152
2026-12-31,0.336986301369863,P,669.0,5.76,5.81,5.785,0.04999999999999982,60.0,519,0.21315789291381837,2026-08-27 14:59:52+00:00,769.3499755859375,2026-08-30,-0.1397619106417956,776.3874669205677,0.012978908036110234,0.2238967507481575
2026-12-31,0.336986301369863,P,670.0,5.83,5.88,5.855,0.04999999999999982,42.0,1234,0.2123186679077148,2026-08-28 18:37:43+00:00,769.3499755859375,2026-08-30,-0.1382682583850123,776.3874669205677,0.012978908036110234,0.2230922489762306
2026-12-31,0.336986301369863,P,671.0,5.9,5.95,5.925000000000001,0.04999999999999982,2.0,232,0.2114641842651367,2026-08-27 15:18:59+00:00,769.3499755859375,2026-08-30,-0.13677683379834227,776.3874669205677,0.012978908036110234,0.22227702051401138
2026-12-31,0.336986301369863,P,672.0,5.97,6.02,5.994999999999999,0.04999999999999982,7.0,36,0.21060970062255857,2026-08-04 15:03:06+00:00,769.3499755859375,2026-08-30,-0.1352876302468745,776.3874669205677,0.012978908036110234,0.22145106536149978
2026-12-31,0.336986301369863,P,673.0,6.04,6.09,6.0649999999999995,0.04999999999999982,201.0,210,0.20972469970703123,2026-08-03 19:36:20+00:00,769.3499755859375,2026-08-30,-0.13380064112529624,776.3874669205677,0.012978908036110234,0.22061438351869583
2026-12-31,0.336986301369863,P,674.0,6.11,6.16,6.135,0.04999999999999982,30.0,242,0.20883969879150388,2026-08-26 13:47:02+00:00,769.3499755859375,2026-08-30,-0.13231585985771702,776.3874669205677,0.012978908036110234,0.2197669749855995
2026-12-31,0.336986301369863,P,675.0,6.18,6.23,6.205,0.05000000000000071,90.0,785,0.20795469787597654,2026-08-27 15:47:33+00:00,769.3499755859375,2026-08-30,-0.13083327989749421,776.3874669205677,0.012978908036110234,0.21890883976221082
2026-12-31,0.336986301369863,P,676.0,6.25,6.3,6.275,0.04999999999999982,1.0,42,0.20703917968749996,2026-08-13 13:59:07+00:00,769.3499755859375,2026-08-30,-0.12935289472705994,776.3874669205677,0.012978908036110234,0.21804057377576824
2026-12-31,0.336986301369863,P,677.0,6.33,6.38,6.355,0.04999999999999982,10.0,345,0.20623047195434568,2026-08-27 13:30:10+00:00,769.3499755859375,2026-08-30,-0.12787469785774905,776.3874669205677,0.012978908036110234,0.21727063578367228
2026-12-31,0.336986301369863,P,678.0,6.4,6.45,6.425000000000001,0.04999999999999982,7.0,714,0.2052996951293945,2026-08-13 15:16:14+00:00,769.3499755859375,2026-08-30,-0.12639868282962846,776.3874669205677,0.012978908036110234,0.21638091641664503
2026-12-31,0.336986301369863,P,679.0,6.48,6.53,6.505000000000001,0.04999999999999982,1.0,687,0.20447572875976558,2026-08-20 13:31:39+00:00,769.3499755859375,2026-08-30,-0.1249248432113279,776.3874669205677,0.012978908036110234,0.2155883331894874
2026-12-31,0.336986301369863,P,680.0,6.55,6.6,6.574999999999999,0.04999999999999982,32.0,1915,0.2035296932983398,2026-08-28 19:40:01+00:00,769.3499755859375,2026-08-30,-0.12345317259987164,776.3874669205677,0.012978908036110234,0.21467716044187546
2026-12-31,0.336986301369863,P,681.0,6.63,6.68,6.654999999999999,0.04999999999999982,7.0,40,0.20265995101928708,2026-08-12 14:02:19+00:00,769.3499755859375,2026-08-30,-0.12198366462051165,776.3874669205677,0.012978908036110234,0.21386133605241775
2026-12-31,0.336986301369863,P,682.0,6.71,6.76,6.734999999999999,0.04999999999999982,90.0,622,0.20179020874023437,2026-08-25 14:50:18+00:00,769.3499755859375,2026-08-30,-0.12051631292656191,776.3874669205677,0.012978908036110234,0.21303418904542926
2026-12-31,0.336986301369863,P,683.0,6.79,6.84,6.8149999999999995,0.04999999999999982,1.0,78,0.200905207824707,2026-08-28 14:44:10+00:00,769.3499755859375,2026-08-30,-0.11905111119923395,776.3874669205677,0.012978908036110234,0.21219512349367142
2026-12-31,0.336986301369863,P,684.0,6.87,6.92,6.895,0.04999999999999982,281.0,566,0.20002020690917968,2026-08-28 17:23:30+00:00,769.3499755859375,2026-08-30,-0.11758805314747355,776.3874669205677,0.012978908036110234,0.21134473532438275
2026-12-31,0.336986301369863,P,685.0,6.96,7.01,6.984999999999999,0.04999999999999982,9.0,839,0.19921149917602538,2026-08-28 19:40:40+00:00,769.3499755859375,2026-08-30,-0.11612713250779871,776.3874669205677,0.012978908036110234,0.21058492809534074
2026-12-31,0.336986301369863,P,686.0,7.04,7.09,7.0649999999999995,0.04999999999999982,7.0,561,0.1982959809875488,2026-08-26 13:51:19+00:00,769.3499755859375,2026-08-30,-0.11466834304413878,776.3874669205677,0.012978908036110234,0.2097107028365135
2026-12-31,0.336986301369863,P,687.0,7.13,7.18,7.154999999999999,0.04999999999999982,5.0,619,0.1974720146179199,2026-08-28 16:55:56+00:00,769.3499755859375,2026-08-30,-0.11321167854767479,776.3874669205677,0.012978908036110234,0.20892586666345592
2026-12-31,0.336986301369863,P,688.0,7.21,7.27,7.24,0.05999999999999961,102.0,259,0.1966327896118164,2026-08-28 15:43:42+00:00,769.3499755859375,2026-08-30,-0.11175713283668046,776.3874669205677,0.012978908036110234,0.2080778622031212
2026-12-31,0.336986301369863,P,689.0,7.3,7.35,7.324999999999999,0.04999999999999982,3.0,631,0.19567149551391605,2026-08-28 15:09:49+00:00,769.3499755859375,2026-08-30,-0.11030469975636555,776.3874669205677,0.012978908036110234,0.20721853512525557
2026-12-31,0.336986301369863,P,690.0,7.39,7.44,7.415,0.05000000000000071,142.0,1554,0.19480175323486326,2026-08-28 19:40:50+00:00,769.3499755859375,2026-08-30,-0.10885437317871904,776.3874669205677,0.012978908036110234,0.20639615553617474
2026-12-31,0.336986301369863,P,691.0,7.48,7.53,7.505000000000001,0.04999999999999982,9.0,438,0.19391675231933597,2026-08-27 15:01:52+00:00,769.3499755859375,2026-08-30,-0.10740614700235422,776.3874669205677,0.012978908036110234,0.20556126147508624
2026-12-31,0.336986301369863,P,692.0,7.57,7.62,7.595000000000001,0.04999999999999982,1.0,227,0.19303175140380857,2026-08-20 17:20:29+00:00,769.3499755859375,2026-08-30,-0.10596001515235455,776.3874669205677,0.012978908036110234,0.20471385294198985
2026-12-31,0.336986301369863,P,693.0,9.18,9.23,9.205,0.05000000000000071,1.0,98,0.2056048678588867,2026-07-16 16:49:45+00:00,769.3499755859375,2026-08-30,-0.10451597158012088,776.3874669205677,0.012978908036110234,0.2178397462964058
2026-12-31,0.336986301369863,P,694.0,7.76,7.81,7.785,0.04999999999999982,2.0,34,0.19129226684570313,2026-08-12 18:16:19+00:00,769.3499755859375,2026-08-30,-0.1030740102632196,776.3874669205677,0.012978908036110234,0.20307684081792826
2026-12-31,0.336986301369863,P,695.0,7.85,7.91,7.88,0.0600000000000005,2.0,701,0.1904530418395996,2026-08-28 19:57:36+00:00,769.3499755859375,2026-08-30,-0.10163412520523196,776.3874669205677,0.012978908036110234,0.20223896712064737
2026-12-31,0.336986301369863,P,696.0,7.95,8.01,7.98,0.05999999999999961,7.0,42,0.18959855819702148,2026-08-28 14:07:26+00:00,769.3499755859375,2026-08-30,-0.10019631043560445,776.3874669205677,0.012978908036110234,0.20143446534872056
2026-12-31,0.336986301369863,P,697.0,8.05,8.11,8.08,0.05999999999999872,1.0,22,0.18872881591796875,2026-08-28 15:10:40+00:00,769.3499755859375,2026-08-30,-0.0987605600095002,776.3874669205677,0.012978908036110234,0.20061625725030896
2026-12-31,0.336986301369863,P,698.0,8.15,8.21,8.18,0.0600000000000005,11.0,22,0.1878438150024414,2026-08-13 16:16:36+00:00,769.3499755859375,2026-08-30,-0.09732686800765161,776.3874669205677,0.012978908036110234,0.19978493875265124
2026-12-31,0.336986301369863,P,699.0,8.25,8.31,8.280000000000001,0.0600000000000005,26.0,118,0.18694355545043945,2026-08-27 17:10:49+00:00,769.3499755859375,2026-08-30,-0.09589522853621384,776.3874669205677,0.012978908036110234,0.19893991392850874
2026-12-31,0.336986301369863,P,700.0,8.36,8.41,8.385,0.05000000000000071,276.0,5285,0.1860432958984375,2026-08-28 20:04:36+00:00,769.3499755859375,2026-08-30,-0.09446563572661941,776.3874669205677,0.012978908036110234,0.19812706917524336
2026-12-31,0.336986301369863,P,701.0,8.46,8.52,8.49,0.05999999999999872,7.0,167,0.18518881225585934,2026-08-28 14:48:18+00:00,769.3499755859375,2026-08-30,-0.09303808373543399,776.3874669205677,0.012978908036110234,0.19729992216825487
2026-12-31,0.336986301369863,P,702.0,8.57,8.62,8.594999999999999,0.049999999999998934,1.0,198,0.18425803543090818,2026-08-28 15:21:28+00:00,769.3499755859375,2026-08-30,-0.09161256674421296,776.3874669205677,0.012978908036110234,0.19645906883478165
2026-12-31,0.336986301369863,P,703.0,8.68,8.73,8.705,0.05000000000000071,2.0,34,0.18338829315185545,2026-08-24 14:52:54+00:00,769.3499755859375,2026-08-30,-0.09018907895935917,776.3874669205677,0.012978908036110234,0.1956486077904701
2026-12-31,0.336986301369863,P,704.0,8.79,8.84,8.815,0.05000000000000071,415.0,485,0.1825032922363281,2026-08-27 20:00:47+00:00,769.3499755859375,2026-08-30,-0.08876761461198167,776.3874669205677,0.012978908036110234,0.19482324856519695
2026-12-31,0.336986301369863,P,705.0,8.9,8.95,8.925,0.049999999999998934,2.0,923,0.18161829132080076,2026-08-28 19:57:36+00:00,769.3499755859375,2026-08-30,-0.08734816795775542,776.3874669205677,0.012978908036110234,0.19398418301343912
2026-12-31,0.336986301369863,P,706.0,9.01,9.07,9.04,0.0600000000000005,15.0,112,0.18077906631469726,2026-08-28 19:56:51+00:00,769.3499755859375,2026-08-30,-0.085930733276782,776.3874669205677,0.012978908036110234,0.19317372196912758
2026-12-31,0.336986301369863,P,707.0,9.13,9.18,9.155000000000001,0.049999999999998934,15.0,142,0.17986354812622068,2026-08-28 19:56:51+00:00,769.3499755859375,2026-08-30,-0.08451530487345131,776.3874669205677,0.012978908036110234,0.19234836274385447
2026-12-31,0.336986301369863,P,708.0,9.24,9.3,9.27,0.0600000000000005,6.0,84,0.17899380584716795,2026-08-11 18:43:21+00:00,769.3499755859375,2026-08-30,-0.0831018770763043,776.3874669205677,0.012978908036110234,0.19150870126485825
2026-12-31,0.336986301369863,P,709.0,9.36,9.42,9.39,0.0600000000000005,8.0,106,0.17812406356811522,2026-08-28 17:21:37+00:00,769.3499755859375,2026-08-30,-0.08169044423789655,776.3874669205677,0.012978908036110234,0.19069585651159288
2026-12-31,0.336986301369863,P,710.0,9.48,9.54,9.51,0.05999999999999872,29.0,1918,0.17723906265258788,2026-08-28 20:09:02+00:00,769.3499755859375,2026-08-30,-0.08028100073466295,776.3874669205677,0.012978908036110234,0.18986751765012744
2026-12-31,0.336986301369863,P,711.0,9.61,9.66,9.635,0.05000000000000071,1.0,109,0.17632354446411136,2026-08-21 14:00:21+00:00,769.3499755859375,2026-08-30,-0.07887354096678317,776.3874669205677,0.012978908036110234,0.1890653995871544
2026-12-31,0.336986301369863,P,712.0,9.73,9.79,9.76,0.05999999999999872,1.0,266,0.1754843194580078,2026-08-13 14:43:36+00:00,769.3499755859375,2026-08-30,-0.07746805935804828,776.3874669205677,0.012978908036110234,0.1882477874159813
2026-12-31,0.336986301369863,P,713.0,9.86,9.92,9.89,0.0600000000000005,1.0,443,0.1746298358154297,2026-08-26 13:36:20+00:00,769.3499755859375,2026-08-30,-0.07606455035572811,776.3874669205677,0.012978908036110234,0.18745460826158528
2026-12-31,0.336986301369863,P,714.0,9.99,10.05,10.02,0.0600000000000005,1.0,88,0.17374483489990233,2026-08-24 15:23:58+00:00,769.3499755859375,2026-08-30,-0.07466300843043966,776.3874669205677,0.012978908036110234,0.18664593499898913
2026-12-31,0.336986301369863,P,715.0,10.12,10.18,10.149999999999999,0.0600000000000005,23.0,168,0.17285983398437502,2026-08-28 16:04:10+00:00,769.3499755859375,2026-08-30,-0.07326342807601638,776.3874669205677,0.012978908036110234,0.1858211717009544
2026-12-31,0.336986301369863,P,716.0,10.25,10.31,10.280000000000001,0.0600000000000005,2.0,16,0.17194431579589847,2026-08-28 16:11:39+00:00,769.3499755859375,2026-08-30,-0.07186580380937842,776.3874669205677,0.012978908036110234,0.18498031836748124
2026-12-31,0.336986301369863,P,717.0,10.39,10.45,10.42,0.05999999999999872,1.0,103,0.17108983215332033,2026-08-27 13:33:50+00:00,769.3499755859375,2026-08-30,-0.07047013017040367,776.3874669205677,0.012978908036110234,0.18420144146680828
2026-12-31,0.336986301369863,P,718.0,10.53,10.59,10.559999999999999,0.0600000000000005,2.0,58,0.17022008987426762,2026-08-28 16:21:38+00:00,769.3499755859375,2026-08-30,-0.06907640172179985,776.3874669205677,0.012978908036110234,0.18340587860345836
2026-12-31,0.336986301369863,P,719.0,10.67,10.73,10.7,0.0600000000000005,1.0,159,0.16933508895874022,2026-08-28 16:05:38+00:00,769.3499755859375,2026-08-30,-0.06768461304897734,776.3874669205677,0.012978908036110234,0.1825936297774315
2026-12-31,0.336986301369863,P,720.0,10.81,10.87,10.84,0.05999999999999872,777.0,1573,0.16843482940673832,2026-08-28 20:07:10+00:00,769.3499755859375,2026-08-30,-0.06629475875992302,776.3874669205677,0.012978908036110234,0.1817646949887276
2026-12-31,0.336986301369863,P,721.0,10.96,11.02,10.99,0.05999999999999872,1.0,61,0.1675803457641602,2026-08-17 13:55:31+00:00,769.3499755859375,2026-08-30,-0.06490683348507495,776.3874669205677,0.012978908036110234,0.18099416106939314
2026-12-31,0.336986301369863,P,722.0,11.11,11.17,11.14,0.0600000000000005,1.0,28,0.16671823280334477,2026-08-28 14:10:51+00:00,769.3499755859375,2026-08-30,-0.06352083187719779,776.3874669205677,0.012978908036110234,0.18020634526014329
2026-12-31,0.336986301369863,P,723.0,11.26,11.32,11.29,0.0600000000000005,2.0,41,0.16583323188781743,2026-08-25 18:19:35+00:00,769.3499755859375,2026-08-30,-0.062136748611259326,776.3874669205677,0.012978908036110234,0.17940065163373947
2026-12-31,0.336986301369863,P,724.0,11.41,11.48,11.445,0.07000000000000028,2.0,145,0.16500163619995117,2026-08-26 19:06:00+00:00,769.3499755859375,2026-08-30,-0.060754578384307645,776.3874669205677,0.012978908036110234,0.178614623606205
2026-12-31,0.336986301369863,P,725.0,11.57,11.63,11.600000000000001,0.0600000000000005,11.0,688,0.16407848869323732,2026-08-28 18:44:26+00:00,769.3499755859375,2026-08-30,-0.05937431591534923,776.3874669205677,0.012978908036110234,0.17781071776151658
2026-12-31,0.336986301369863,P,730.0,12.4,12.46,12.43,0.0600000000000005,163.0,2120,0.15973740661621094,2026-08-28 20:09:02+00:00,769.3499755859375,2026-08-30,-0.0525014366275873,776.3874669205677,0.012978908036110234,0.17390918213129047
2026-12-31,0.336986301369863,P,735.0,13.31,13.38,13.345,0.07000000000000028,25.0,901,0.1554802470397949,2026-08-28 18:35:08+00:00,769.3499755859375,2026-08-30,-0.045675471557187416,776.3874669205677,0.012978908036110234,0.17011610525846488
2026-12-31,0.336986301369863,P,740.0,14.31,14.38,14.345,0.07000000000000028,302.0,5627,0.15119257019042973,2026-08-28 19:52:43+00:00,769.3499755859375,2026-08-30,-0.038895784571808645,776.3874669205677,0.012978908036110234,0.16637844961881637
2026-12-31,0.336986301369863,P,745.0,15.4,15.48,15.440000000000001,0.08000000000000007,20.0,749,0.14693541061401366,2026-08-28 15:39:00+00:00,769.3499755859375,2026-08-30,-0.03216175239046455,776.3874669205677,0.012978908036110234,0.16271051746606824
2026-12-31,0.336986301369863,P,750.0,16.61,16.69,16.65,0.08000000000000185,62.0,2387,0.14272402694702147,2026-08-28 19:58:05+00:00,769.3499755859375,2026-08-30,-0.025472764239667926,776.3874669205677,0.012978908036110234,0.1591820322871208
2026-12-31,0.336986301369863,P,755.0,17.95,18.04,17.994999999999997,0.08999999999999986,12.0,2428,0.13863471237182617,2026-08-28 17:03:15+00:00,769.3499755859375,2026-08-30,-0.018828221520999333,776.3874669205677,0.012978908036110234,0.15585377866029743
2026-12-31,0.336986301369863,P,760.0,19.43,19.52,19.475,0.08999999999999986,12.0,2232,0.13454539779663088,2026-08-28 17:02:00+00:00,769.3499755859375,2026-08-30,-0.01222753748964726,776.3874669205677,0.012978908036110234,0.1526637801527977
2026-12-31,0.336986301369863,P,765.0,21.06,21.15,21.104999999999997,0.08999999999999986,258.0,3731,0.13049422981262204,2026-08-28 20:08:40+00:00,769.3499755859375,2026-08-30,-0.005670136943488171,776.3874669205677,0.012978908036110234,0.1496412371993065
2027-03-19,0.5506849315068493,C,770.0,42.42,43.8,43.11,1.3799999999999955,29.0,4004,0.19324537231445313,2026-08-28 18:23:23+00:00,769.3499755859375,2026-08-30,0.0008445440777054266,783.146415239116,0.007724374927512996,0.16159136611223224
2027-03-19,0.5506849315068493,C,775.0,39.29,40.61,39.95,1.3200000000000003,23.0,5545,0.18934679069519045,2026-08-28 19:40:10+00:00,769.3499755859375,2026-08-30,0.007317058583323013,783.146415239116,0.007724374927512996,0.1588775134682655
2027-03-19,0.5506849315068493,C,780.0,36.87,36.96,36.915,0.09000000000000341,18.0,4442,0.18305260314941402,2026-08-28 19:04:46+00:00,769.3499755859375,2026-08-30,0.013747948913613342,783.146415239116,0.007724374927512996,0.1562882096171379
2027-03-19,0.5506849315068493,C,785.0,33.94,34.03,33.985,0.09000000000000341,333.0,2815,0.17948208221435547,2026-08-28 17:58:25+00:00,769.3499755859375,2026-08-30,0.020137747012384258,783.146415239116,0.007724374927512996,0.15371320801973343
2027-03-19,0.5506849315068493,C,790.0,31.14,31.23,31.185000000000002,0.08999999999999986,243.0,5566,0.17605651832580568,2026-08-28 18:35:12+00:00,769.3499755859375,2026-08-30,0.02648697469104313,783.146415239116,0.007724374927512996,0.15124308961629868
2027-03-19,0.5506849315068493,C,795.0,28.49,28.58,28.534999999999997,0.08999999999999986,141.0,5012,0.17282931671142582,2026-08-28 18:35:10+00:00,769.3499755859375,2026-08-30,0.03279614388430776,783.146415239116,0.007724374927512996,0.14894757789373392
2027-03-19,0.5506849315068493,C,800.0,25.97,26.05,26.009999999999998,0.08000000000000185,275.0,16968,0.16967077896118166,2026-08-28 20:00:30+00:00,769.3499755859375,2026-08-30,0.03906575689790327,783.146415239116,0.007724374927512996,0.14670152813196174
2027-03-19,0.5506849315068493,C,805.0,23.6,23.68,23.64,0.0799999999999983,16.0,6406,0.1667334914398194,2026-08-28 20:00:30+00:00,769.3499755859375,2026-08-30,0.04529630664853925,783.146415239116,0.007724374927512996,0.1446271054148674
2027-03-19,0.5506849315068493,C,810.0,21.38,21.46,21.42,0.08000000000000185,25.0,6423,0.16397167823791506,2026-08-28 19:36:07+00:00,769.3499755859375,2026-08-30,0.051488276896460454,783.146415239116,0.007724374927512996,0.14269451338052747
2027-03-19,0.5506849315068493,C,815.0,19.3,19.38,19.34,0.0799999999999983,34.0,2845,0.1613395634460449,2026-08-28 20:10:02+00:00,769.3499755859375,2026-08-30,0.05764214247083862,783.146415239116,0.007724374927512996,0.14085667377710342
2027-03-19,0.5506849315068493,C,820.0,17.38,17.46,17.42,0.08000000000000185,181.0,24594,0.15893632820129397,2026-08-28 19:10:06+00:00,769.3499755859375,2026-08-30,0.06375836948827483,783.146415239116,0.007724374927512996,0.13920774310827255
2027-03-19,0.5506849315068493,C,825.0,15.6,15.67,15.635,0.07000000000000028,20.0,2592,0.15662464477539065,2026-08-28 18:53:32+00:00,769.3499755859375,2026-08-30,0.06983741556465692,783.146415239116,0.007724374927512996,0.13763926261663434
2027-03-19,0.5506849315068493,C,830.0,13.97,14.04,14.004999999999999,0.06999999999999851,192.0,4867,0.1545647288513184,2026-08-28 19:03:42+00:00,769.3499755859375,2026-08-30,0.07587973002061946,783.146415239116,0.007724374927512996,0.13626147884130474
2027-03-19,0.5506849315068493,C,835.0,12.48,12.55,12.515,0.07000000000000028,1120.0,1256,0.15267265792846685,2026-08-28 19:36:44+00:00,769.3499755859375,2026-08-30,0.08188575408083144,783.146415239116,0.007724374927512996,0.13502314203977583
2027-03-19,0.5506849315068493,C,840.0,11.12,11.18,11.149999999999999,0.0600000000000005,965.0,5584,0.15087976814270024,2026-08-28 19:03:38+00:00,769.3499755859375,2026-08-30,0.08785592106733517,783.146415239116,0.007724374927512996,0.1338700228333473
2027-03-19,0.5506849315068493,C,845.0,9.89,9.95,9.92,0.05999999999999872,227.0,2758,0.14931575790405271,2026-08-28 19:03:46+00:00,769.3499755859375,2026-08-30,0.09379065658714984,783.146415239116,0.007724374927512996,0.13288674288988117
2027-03-19,0.5506849315068493,C,850.0,8.77,8.83,8.8,0.0600000000000005,285.0,2899,0.14785855812072754,2026-08-28 18:55:00+00:00,769.3499755859375,2026-08-30,0.09969037871433804,783.146415239116,0.007724374927512996,0.13196782308816907
2027-03-19,0.5506849315068493,C,855.0,7.75,7.81,7.779999999999999,0.05999999999999961,4.0,1622,0.14646239288330076,2026-08-28 19:21:32+00:00,769.3499755859375,2026-08-30,0.10555549816673623,783.146415239116,0.007724374927512996,0.13108465892076498
2027-03-19,0.5506849315068493,C,860.0,6.84,6.89,6.865,0.04999999999999982,11.0,11186,0.1451577794647217,2026-08-28 17:23:41+00:00,769.3499755859375,2026-08-30,0.11138641847752935,783.146415239116,0.007724374927512996,0.13030459016561508
2027-03-19,0.5506849315068493,C,865.0,6.01,6.07,6.04,0.0600000000000005,8.0,4478,0.14400575241088864,2026-08-28 18:50:38+00:00,769.3499755859375,2026-08-30,0.11718353616185516,783.146415239116,0.007724374927512996,0.12957219558954236
2027-03-19,0.5506849315068493,C,870.0,5.27,5.32,5.295,0.05000000000000071,4.0,4138,0.14281557876586914,2026-08-27 16:34:58+00:00,769.3499755859375,2026-08-30,0.12294724087860535,783.146415239116,0.007724374927512996,0.12885410326719282
2027-03-19,0.5506849315068493,C,875.0,4.6,4.65,4.625,0.05000000000000071,1.0,7431,0.14170169830322266,2026-08-28 18:55:24+00:00,769.3499755859375,2026-08-30,0.12867791558759029,783.146415239116,0.007724374927512996,0.12815150505304335
2027-03-19,0.5506849315068493,C,880.0,4.01,4.06,4.035,0.04999999999999982,2.0,5235,0.14070988693237307,2026-08-28 16:25:20+00:00,769.3499755859375,2026-08-30,0.13437593670222814,783.146415239116,0.007724374927512996,0.1275537900328636
2027-03-19,0.5506849315068493,C,885.0,3.48,3.52,3.5,0.040000000000000036,2.0,2731,0.1396265237426758,2026-08-28 16:30:09+00:00,769.3499755859375,2026-08-30,0.14004167423790542,783.146415239116,0.007724374927512996,0.12689052301645276
2027-03-19,0.5506849315068493,C,890.0,3.01,3.06,3.035,0.050000000000000266,9.0,2343,0.1388025573730469,2026-08-28 16:30:09+00:00,769.3499755859375,2026-08-30,0.14567549195616153,783.146415239116,0.007724374927512996,0.12635120886564255
2027-03-19,0.5506849315068493,C,895.0,2.6,2.64,2.62,0.040000000000000036,2.0,1583,0.13785652191162112,2026-08-28 16:02:21+00:00,769.3499755859375,2026-08-30,0.15127774750483128,783.146415239116,0.007724374927512996,0.1257916331887245
2027-03-19,0.5506849315068493,C,900.0,2.25,2.28,2.2649999999999997,0.029999999999999805,65.0,2605,0.13709359008789065,2026-08-28 19:07:17+00:00,769.3499755859375,2026-08-30,0.15684879255428677,783.146415239116,0.007724374927512996,0.12538640266656875
2027-03-19,0.5506849315068493,C,905.0,1.94,1.97,1.955,0.030000000000000027,2.0,2403,0.13645272735595704,2026-08-26 14:54:18+00:00,769.3499755859375,2026-08-30,0.16238897292990206,783.146415239116,0.007724374927512996,0.12503123003244399
2027-03-19,0.5506849315068493,C,910.0,1.67,1.7,1.685,0.030000000000000027,2.0,2530,0.1358728991699219,2026-08-28 14:50:51+00:00,769.3499755859375,2026-08-30,0.16789862874087158,783.146415239116,0.007724374927512996,0.12472432750463484
2027-03-19,0.5506849315068493,C,915.0,1.44,1.47,1.455,0.030000000000000027,2.0,595,0.13544565734863284,2026-08-28 18:55:03+00:00,769.3499755859375,2026-08-30,0.1733780945054973,783.146415239116,0.007724374927512996,0.12454018598794936
2027-03-19,0.5506849315068493,C,920.0,1.24,1.27,1.255,0.030000000000000027,6.0,997,0.13507945007324224,2026-08-28 18:56:09+00:00,769.3499755859375,2026-08-30,0.17882769927306189,783.146415239116,0.007724374927512996,0.12439299196004867
2027-03-19,0.5506849315068493,C,925.0,1.07,1.1,1.085,0.030000000000000027,2.0,483,0.13483531188964848,2026-08-25 18:25:44+00:00,769.3499755859375,2026-08-30,0.18424776674240118,783.146415239116,0.007724374927512996,0.12435485261678696
2027-03-19,0.5506849315068493,C,930.0,0.93,0.95,0.94,0.019999999999999907,6.0,395,0.1345606564331055,2026-08-28 15:14:23+00:00,769.3499755859375,2026-08-30,0.18963861537727753,783.146415239116,0.007724374927512996,0.12440789014101028
2027-03-19,0.5506849315068493,C,935.0,0.8,0.83,0.815,0.029999999999999916,11.0,2144,0.13459117370605472,2026-08-28 19:56:20+00:00,769.3499755859375,2026-08-30,0.19500055851866302,783.146415239116,0.007724374927512996,0.12451277333498001
2027-03-19,0.5506849315068493,C,940.0,0.7,0.72,0.71,0.020000000000000018,1.0,375,0.13453013916015627,2026-08-26 16:56:35+00:00,769.3499755859375,2026-08-30,0.20033390449402552,783.146415239116,0.007724374927512996,0.1247433971762657
2027-03-19,0.5506849315068493,C,945.0,0.61,0.63,0.62,0.020000000000000018,35.0,145,0.13471324279785157,2026-08-27 15:26:49+00:00,769.3499755859375,2026-08-30,0.2056389567237186,783.146415239116,0.007724374927512996,0.12504076486825944
2027-03-19,0.5506849315068493,C,950.0,0.54,0.56,0.55,0.020000000000000018,4.0,4517,0.13514048461914066,2026-08-28 15:03:44+00:00,769.3499755859375,2026-08-30,0.21091601382456246,783.146415239116,0.007724374927512996,0.12564801472425458
2027-03-19,0.5506849315068493,C,955.0,0.48,0.49,0.485,0.010000000000000009,1.0,127,0.135323588256836,2026-08-28 18:53:50+00:00,769.3499755859375,2026-08-30,0.21616536971070613,783.146415239116,0.007724374927512996,0.12614203840494154
2027-03-19,0.5506849315068493,C,960.0,0.42,0.44,0.43,0.020000000000000018,72.0,532,0.13599496826171875,2026-08-28 18:55:50+00:00,769.3499755859375,2026-08-30,0.2213873136918579,783.146415239116,0.007724374927512996,0.12673319822549817
2027-03-19,0.5506849315068493,C,965.0,0.38,0.4,0.39,0.020000000000000018,306.0,119,0.13691048645019532,2026-08-28 15:20:57+00:00,769.3499755859375,2026-08-30,0.22658213056896181,783.146415239116,0.007724374927512996,0.1277176700234413
2027-03-19,0.5506849315068493,C,970.0,0.34,0.36,0.35,0.019999999999999962,15.0,822,0.13758186645507814,2026-08-24 18:39:57+00:00,769.3499755859375,2026-08-30,0.2317501007274045,783.146415239116,0.007724374927512996,0.12849893063306805
2027-03-19,0.5506849315068493,C,975.0,0.31,0.33,0.32,0.020000000000000018,5.0,169,0.13868048828125001,2026-08-27 16:44:31+00:00,769.3499755859375,2026-08-30,0.2368915002278231,783.146415239116,0.007724374927512996,0.1295817304253578
2027-03-19,0.5506849315068493,C,980.0,0.28,0.3,0.29000000000000004,0.019999999999999962,4.0,758,0.1394739373779297,2026-08-28 18:30:54+00:00,769.3499755859375,2026-08-30,0.24200660089459364,783.146415239116,0.007724374927512996,0.1304929031729698
2027-03-19,0.5506849315068493,C,985.0,0.26,0.27,0.265,0.010000000000000009,24.0,1070,0.1401453173828125,2026-08-28 16:27:16+00:00,769.3499755859375,2026-08-30,0.24709567040206482,783.146415239116,0.007724374927512996,0.1315232613682747
2027-03-19,0.5506849315068493,C,990.0,0.23,0.25,0.24,0.01999999999999999,2.0,733,0.1412439392089844,2026-08-19 17:08:56+00:00,769.3499755859375,2026-08-30,0.25215897235861146,783.146415239116,0.007724374927512996,0.13238616400957104
2027-03-19,0.5506849315068493,C,995.0,0.21,0.23,0.22,0.020000000000000018,2.0,451,0.14222049194335937,2026-08-19 17:05:10+00:00,769.3499755859375,2026-08-30,0.25719676638856875,783.146415239116,0.007724374927512996,0.13342605704069138
2027-03-19,0.5506849315068493,C,1000.0,0.2,0.21,0.20500000000000002,0.009999999999999981,955.0,3325,0.1430749755859375,2026-08-28 18:48:46+00:00,769.3499755859375,2026-08-30,0.26220930821211297,783.146415239116,0.007724374927512996,0.1347055128216743
2027-03-19,0.5506849315068493,C,1010.0,0.17,0.19,0.18,0.01999999999999999,1.0,935,0.14612670288085935,2026-08-28 14:10:43+00:00,769.3499755859375,2026-08-30,0.27215963906528107,783.146415239116,0.007724374927512996,0.1373645401597023
2027-03-19,0.5506849315068493,C,1020.0,0.15,0.16,0.155,0.010000000000000009,5.0,23,0.14795773925781253,2026-08-28 14:13:32+00:00,769.3499755859375,2026-08-30,0.2820119355082927,783.146415239116,0.007724374927512996,0.1396213166117668
2027-03-19,0.5506849315068493,C,1030.0,0.13,0.14,0.135,0.010000000000000009,4.0,41,0.15015498291015628,2026-08-19 17:08:01+00:00,769.3499755859375,2026-08-30,0.2917681104536574,783.146415239116,0.007724374927512996,0.14196688622236248
2027-03-19,0.5506849315068493,C,1040.0,0.11,0.13,0.12,0.020000000000000004,1.0,539,0.15332877929687502,2026-08-03 13:33:53+00:00,769.3499755859375,2026-08-30,0.3014300213653943,783.146415239116,0.007724374927512996,0.14453592854738234
2027-03-19,0.5506849315068493,C,1050.0,0.1,0.11,0.10500000000000001,0.009999999999999995,1.0,999,0.15479360839843753,2026-08-25 17:19:39+00:00,769.3499755859375,2026-08-30,0.3109994723815451,783.146415239116,0.007724374927512996,0.14678138238191601
2027-03-19,0.5506849315068493,C,1060.0,0.09,0.1,0.095,0.010000000000000009,2.0,80,0.15747912841796874,2026-08-27 14:50:28+00:00,769.3499755859375,2026-08-30,0.3204782163360887,783.146415239116,0.007724374927512996,0.14944815677404405
2027-03-19,0.5506849315068493,C,1070.0,0.08,0.09,0.08499999999999999,0.009999999999999995,1.0,49,0.15992051025390625,2026-08-17 14:07:45+00:00,769.3499755859375,2026-08-30,0.3298679566859277,783.146415239116,0.007724374927512996,0.15186821728944783
2027-03-19,0.5506849315068493,C,1080.0,0.07,0.08,0.07500000000000001,0.009999999999999995,6.0,1249,0.16211775390625,2026-08-20 17:34:01+00:00,769.3499755859375,2026-08-30,0.33917034934824125,783.146415239116,0.007724374927512996,0.15400759607553482
2027-03-19,0.5506849315068493,C,1100.0,0.06,0.07,0.065,0.010000000000000009,14.0,11234,0.16773293212890628,2026-08-28 19:49:25+00:00,769.3499755859375,2026-08-30,0.35751948801643785,783.146415239116,0.007724374927512996,0.15965102702379225
2027-03-19,0.5506849315068493,C,1120.0,0.05,0.06,0.055,0.009999999999999995,25.0,270,0.17285983398437502,2026-08-28 15:19:30+00:00,769.3499755859375,2026-08-30,0.3755379935191162,783.146415239116,0.007724374927512996,0.16466754251718518
2027-03-19,0.5506849315068493,C,1140.0,0.04,0.05,0.045,0.010000000000000002,100.0,77,0.1772543212890625,2026-08-21 16:21:08+00:00,769.3499755859375,2026-08-30,0.393237570618517,783.146415239116,0.007724374927512996,0.16893736118078234
2027-03-19,0.5506849315068493,C,1150.0,0.04,0.05,0.045,0.010000000000000002,1.0,13,0.180672255859375,2026-06-24 19:42:21+00:00,769.3499755859375,2026-08-30,0.4019712505872716,783.146415239116,0.007724374927512996,0.1724604830145836
2027-03-19,0.5506849315068493,P,495.0,2.37,2.39,2.38,0.020000000000000018,1.0,2171,0.335944140625,2026-08-26 13:43:34+00:00,769.3499755859375,2026-08-30,-0.44098820820133383,783.146415239116,0.007724374927512996,0.348357346355915
2027-03-19,0.5506849315068493,P,500.0,2.46,2.48,2.4699999999999998,0.020000000000000018,115.0,8004,0.3316717224121094,2026-08-28 19:31:33+00:00,769.3499755859375,2026-08-30,-0.4309378723478324,783.146415239116,0.007724374927512996,0.34415725117921825
2027-03-19,0.5506849315068493,P,505.0,2.55,2.58,2.565,0.03000000000000025,1.0,978,0.32755189056396483,2026-08-28 16:18:25+00:00,769.3499755859375,2026-08-30,-0.4209875414946643,783.146415239116,0.007724374927512996,0.3400203242897988
2027-03-19,0.5506849315068493,P,510.0,2.65,2.67,2.66,0.020000000000000018,61.0,2770,0.3231574032592772,2026-08-20 18:33:08+00:00,769.3499755859375,2026-08-30,-0.4111352450516526,783.146415239116,0.007724374927512996,0.3358160576224327
2027-03-19,0.5506849315068493,P,515.0,2.75,2.77,2.76,0.020000000000000018,1.0,1710,0.31891550231933585,2026-08-24 14:57:11+00:00,769.3499755859375,2026-08-30,-0.40137907010628787,783.146415239116,0.007724374927512996,0.33166661626100535
2027-03-19,0.5506849315068493,P,520.0,2.86,2.88,2.87,0.020000000000000018,3.0,1543,0.31482618774414056,2026-08-28 17:02:40+00:00,769.3499755859375,2026-08-30,-0.39171715919455097,783.146415239116,0.007724374927512996,0.32767688339948653
2027-03-19,0.5506849315068493,P,525.0,2.97,2.99,2.9800000000000004,0.020000000000000018,1.0,1951,0.3106758386230468,2026-08-28 14:51:03+00:00,769.3499755859375,2026-08-30,-0.38214770817840027,783.146415239116,0.007724374927512996,0.32361027592420577
2027-03-19,0.5506849315068493,P,530.0,3.08,3.11,3.0949999999999998,0.029999999999999805,1.0,3022,0.30664755859375,2026-08-28 13:30:00+00:00,769.3499755859375,2026-08-30,-0.37266896422385665,783.146415239116,0.007724374927512996,0.31957704037427903
2027-03-19,0.5506849315068493,P,535.0,3.2,3.23,3.215,0.029999999999999805,20.0,5172,0.3025582440185547,2026-08-28 14:38:19+00:00,769.3499755859375,2026-08-30,-0.36327922387401756,783.146415239116,0.007724374927512996,0.31557002562284464
2027-03-19,0.5506849315068493,P,540.0,3.33,3.36,3.3449999999999998,0.029999999999999805,3.0,2131,0.298560481262207,2026-08-28 18:00:53+00:00,769.3499755859375,2026-08-30,-0.35397683121170403,783.146415239116,0.007724374927512996,0.31168279224634166
2027-03-19,0.5506849315068493,P,545.0,3.46,3.49,3.475,0.03000000000000025,4.0,1567,0.2945016839599609,2026-08-27 17:17:30+00:00,769.3499755859375,2026-08-30,-0.34476017610678,783.146415239116,0.007724374927512996,0.30770974534749995
2027-03-19,0.5506849315068493,P,550.0,3.6,3.63,3.615,0.029999999999999805,2.0,3006,0.29053443847656246,2026-08-28 16:56:57+00:00,769.3499755859375,2026-08-30,-0.33562769254350744,783.146415239116,0.007724374927512996,0.30383919793367387
2027-03-19,0.5506849315068493,P,555.0,3.75,3.78,3.7649999999999997,0.029999999999999805,6.0,4299,0.2866282275390625,2026-08-28 19:21:35+00:00,769.3499755859375,2026-08-30,-0.32657785702358955,783.146415239116,0.007724374927512996,0.30005625182390216
2027-03-19,0.5506849315068493,P,560.0,3.9,3.94,3.92,0.040000000000000036,11.0,4505,0.28278305114746094,2026-08-27 17:41:53+00:00,769.3499755859375,2026-08-30,-0.31760918704082913,783.146415239116,0.007724374927512996,0.29626317495107646
2027-03-19,0.5506849315068493,P,565.0,4.07,4.1,4.085,0.02999999999999936,1.0,2172,0.27887684020996095,2026-08-26 14:25:06+00:00,769.3499755859375,2026-08-30,-0.3087202396235831,783.146415239116,0.007724374927512996,0.2925380337834357
2027-03-19,0.5506849315068493,P,570.0,4.24,4.27,4.255,0.02999999999999936,100.0,1948,0.2750011465454102,2026-08-24 14:23:04+00:00,769.3499755859375,2026-08-30,-0.2999096099414283,783.146415239116,0.007724374927512996,0.2887920351624488
2027-03-19,0.5506849315068493,P,575.0,4.42,4.45,4.4350000000000005,0.03000000000000025,1.0,2913,0.27118648742675777,2026-08-28 14:23:24+00:00,769.3499755859375,2026-08-30,-0.29117592997267366,783.146415239116,0.007724374927512996,0.2850972862839698
2027-03-19,0.5506849315068493,P,580.0,4.61,4.64,4.625,0.02999999999999936,3.0,3418,0.2674023455810547,2026-08-27 15:20:28+00:00,769.3499755859375,2026-08-30,-0.28251786722955907,783.146415239116,0.007724374927512996,0.28144365638494495
2027-03-19,0.5506849315068493,P,585.0,4.81,4.84,4.824999999999999,0.03000000000000025,1.0,7620,0.26364872100830083,2026-08-24 15:05:18+00:00,769.3499755859375,2026-08-30,-0.2739341235381676,783.146415239116,0.007724374927512996,0.27782161062955846
2027-03-19,0.5506849315068493,P,590.0,5.02,5.06,5.039999999999999,0.040000000000000036,21.0,2646,0.2600171655273438,2026-08-28 19:05:04+00:00,769.3499755859375,2026-08-30,-0.2654234338702589,783.146415239116,0.007724374927512996,0.27428954988718035
2027-03-19,0.5506849315068493,P,595.0,5.24,5.28,5.26,0.040000000000000036,11.0,2455,0.25629405822753903,2026-08-27 19:57:27+00:00,769.3499755859375,2026-08-30,-0.2569845652243943,783.146415239116,0.007724374927512996,0.27070325976610177
2027-03-19,0.5506849315068493,P,600.0,5.48,5.51,5.495,0.02999999999999936,35.0,4784,0.2525709509277344,2026-08-28 20:05:56+00:00,769.3499755859375,2026-08-30,-0.24861631555387764,783.146415239116,0.007724374927512996,0.2671872890591621
2027-03-19,0.5506849315068493,P,605.0,5.73,5.76,5.745,0.02999999999999936,53.0,3993,0.24893939544677735,2026-08-28 19:10:37+00:00,769.3499755859375,2026-08-30,-0.24031751273918253,783.146415239116,0.007724374927512996,0.26372733551263805
2027-03-19,0.5506849315068493,P,610.0,5.99,6.03,6.01,0.040000000000000036,3.0,2286,0.24541465042114258,2026-08-28 14:59:53+00:00,769.3499755859375,2026-08-30,-0.2320870136026672,783.146415239116,0.007724374927512996,0.260310884654522
2027-03-19,0.5506849315068493,P,615.0,6.26,6.3,6.279999999999999,0.040000000000000036,1.0,3079,0.24173731903076173,2026-08-28 16:20:33+00:00,769.3499755859375,2026-08-30,-0.22392370296350625,783.146415239116,0.007724374927512996,0.2568157714009285
2027-03-19,0.5506849315068493,P,620.0,6.55,6.59,6.57,0.040000000000000036,8.0,4553,0.2381515394592285,2026-08-28 19:37:11+00:00,769.3499755859375,2026-08-30,-0.21582649273088686,783.146415239116,0.007724374927512996,0.25340349203348156
2027-03-19,0.5506849315068493,P,625.0,6.85,6.9,6.875,0.05000000000000071,222.0,4766,0.23461153579711913,2026-08-28 19:59:43+00:00,769.3499755859375,2026-08-30,-0.20779432103362258,783.146415239116,0.007724374927512996,0.25000670677423475
2027-03-19,0.5506849315068493,P,630.0,7.17,7.22,7.195,0.04999999999999982,10.0,3077,0.23102575622558597,2026-08-28 19:05:59+00:00,769.3499755859375,2026-08-30,-0.19982615138444568,783.146415239116,0.007724374927512996,0.246616476714611
2027-03-19,0.5506849315068493,P,635.0,7.51,7.55,7.529999999999999,0.040000000000000036,7.0,7293,0.2273789421081543,2026-08-28 20:05:56+00:00,769.3499755859375,2026-08-30,-0.1919209718773324,783.146415239116,0.007724374927512996,0.243223267018795
2027-03-19,0.5506849315068493,P,640.0,7.87,7.91,7.890000000000001,0.040000000000000036,4.0,7529,0.22385419708251947,2026-08-28 19:36:44+00:00,769.3499755859375,2026-08-30,-0.18407779441630648,783.146415239116,0.007724374927512996,0.2399128912091255
2027-03-19,0.5506849315068493,P,645.0,8.24,8.29,8.265,0.049999999999998934,2.0,5104,0.22032945205688476,2026-08-28 19:32:02+00:00,769.3499755859375,2026-08-30,-0.1762956539742515,783.146415239116,0.007724374927512996,0.23657748645544052
2027-03-19,0.5506849315068493,P,650.0,8.63,8.68,8.655000000000001,0.049999999999998934,434.0,7101,0.21672841384887692,2026-08-28 19:32:05+00:00,769.3499755859375,2026-08-30,-0.16857360788034131,783.146415239116,0.007724374927512996,0.2332116894125938
2027-03-19,0.5506849315068493,P,655.0,9.05,9.1,9.075,0.049999999999998934,20.0,2391,0.2132036688232422,2026-08-28 18:27:17+00:00,769.3499755859375,2026-08-30,-0.1609107351347722,783.146415239116,0.007724374927512996,0.2299340896010399
2027-03-19,0.5506849315068493,P,660.0,9.49,9.53,9.51,0.03999999999999915,57.0,4083,0.20958737197875976,2026-08-28 19:50:55+00:00,769.3499755859375,2026-08-30,-0.15330613574955285,783.146415239116,0.007724374927512996,0.22660464411973957
2027-03-19,0.5506849315068493,P,665.0,9.95,10.01,9.98,0.0600000000000005,101.0,4769,0.20615417877197262,2026-08-28 17:09:23+00:00,769.3499755859375,2026-08-30,-0.14575893011416993,783.146415239116,0.007724374927512996,0.2233747184872627
2027-03-19,0.5506849315068493,P,670.0,10.44,10.5,10.469999999999999,0.0600000000000005,47.0,3380,0.20259891647338862,2026-08-28 19:28:17+00:00,769.3499755859375,2026-08-30,-0.1382682583850123,783.146415239116,0.007724374927512996,0.22011082500219342
2027-03-19,0.5506849315068493,P,675.0,10.96,11.02,10.99,0.05999999999999872,62.0,2626,0.1990589128112793,2026-08-28 16:23:14+00:00,769.3499755859375,2026-08-30,-0.13083327989749421,783.146415239116,0.007724374927512996,0.21687851566076277
2027-03-19,0.5506849315068493,P,680.0,11.51,11.56,11.535,0.05000000000000071,103.0,3237,0.19545787460327146,2026-08-28 19:03:52+00:00,769.3499755859375,2026-08-30,-0.12345317259987164,783.146415239116,0.007724374927512996,0.21362773257493972
2027-03-19,0.5506849315068493,P,685.0,12.08,12.14,12.11,0.0600000000000005,27.0,3449,0.19191787094116214,2026-08-28 19:03:51+00:00,769.3499755859375,2026-08-30,-0.11612713250779871,783.146415239116,0.007724374927512996,0.21038231283426284
2027-03-19,0.5506849315068493,P,690.0,12.69,12.75,12.719999999999999,0.0600000000000005,21.0,6426,0.18833209136962892,2026-08-28 19:04:19+00:00,769.3499755859375,2026-08-30,-0.10885437317871904,783.146415239116,0.007724374927512996,0.20716251796483992
2027-03-19,0.5506849315068493,P,695.0,13.34,13.4,13.370000000000001,0.0600000000000005,5.0,1994,0.18477682907104487,2026-08-28 19:57:18+00:00,769.3499755859375,2026-08-30,-0.10163412520523196,783.146415239116,0.007724374927512996,0.20398562985658641
2027-03-19,0.5506849315068493,P,700.0,14.02,14.09,14.055,0.07000000000000028,1184.0,6272,0.18122156677246093,2026-08-28 19:59:43+00:00,769.3499755859375,2026-08-30,-0.09446563572661941,783.146415239116,0.007724374927512996,0.2008027824759483
2027-03-19,0.5506849315068493,P,705.0,14.75,14.82,14.785,0.07000000000000028,5.0,1955,0.17764341651916501,2026-08-28 19:05:06+00:00,769.3499755859375,2026-08-30,-0.08734816795775542,783.146415239116,0.007724374927512996,0.19766045814752575
2027-03-19,0.5506849315068493,P,710.0,15.52,15.6,15.559999999999999,0.08000000000000007,6.0,9086,0.17408815422058108,2026-08-28 19:03:03+00:00,769.3499755859375,2026-08-30,-0.08028100073466295,783.146415239116,0.007724374927512996,0.19454137498140334
2027-03-19,0.5506849315068493,P,715.0,16.35,16.42,16.385,0.07000000000000028,75.0,4314,0.170479486694336,2026-08-28 19:57:18+00:00,769.3499755859375,2026-08-30,-0.07326342807601638,783.146415239116,0.007724374927512996,0.19145625966787339
2027-03-19,0.5506849315068493,P,720.0,17.23,17.3,17.265,0.07000000000000028,201.0,2610,0.16690896575927738,2026-08-28 19:58:47+00:00,769.3499755859375,2026-08-30,-0.06629475875992302,783.146415239116,0.007724374927512996,0.18841464704275135
2027-03-19,0.5506849315068493,P,725.0,18.16,18.24,18.2,0.0799999999999983,8.0,2849,0.16333844482421878,2026-08-28 19:05:15+00:00,769.3499755859375,2026-08-30,-0.05937431591534923,783.146415239116,0.007724374927512996,0.18539627557992933
2027-03-19,0.5506849315068493,P,730.0,19.16,19.25,19.205,0.08999999999999986,64.0,2675,0.15980607048034667,2026-08-28 19:49:08+00:00,769.3499755859375,2026-08-30,-0.0525014366275873,783.146415239116,0.007724374927512996,0.18246192985773085
2027-03-19,0.5506849315068493,P,735.0,20.23,20.32,20.275,0.08999999999999986,472.0,2869,0.1562279202270508,2026-08-28 19:03:37+00:00,769.3499755859375,2026-08-30,-0.045675471557187416,783.146415239116,0.007724374927512996,0.17956155198812485
2027-03-19,0.5506849315068493,P,740.0,21.37,21.46,21.415,0.08999999999999986,217.0,3086,0.15263451133728032,2026-08-28 20:00:45+00:00,769.3499755859375,2026-08-30,-0.038895784571808645,783.146415239116,0.007724374927512996,0.17669990938901903
2027-03-19,0.5506849315068493,P,745.0,22.59,22.69,22.64,0.10000000000000142,145.0,2929,0.14908687835693357,2026-08-28 19:53:50+00:00,769.3499755859375,2026-08-30,-0.03216175239046455,783.146415239116,0.007724374927512996,0.1739294436573982
2027-03-19,0.5506849315068493,P,750.0,23.9,24.0,23.95,0.10000000000000142,345.0,10622,0.14550872810363769,2026-08-28 19:46:20+00:00,769.3499755859375,2026-08-30,-0.025472764239667926,783.146415239116,0.007724374927512996,0.17122631770372393
2027-03-19,0.5506849315068493,P,755.0,25.31,25.41,25.36,0.10000000000000142,23.0,2359,0.14195346580505372,2026-08-28 19:02:57+00:00,769.3499755859375,2026-08-30,-0.018828221520999333,783.146415239116,0.007724374927512996,0.16863760977983477
2027-03-19,0.5506849315068493,P,760.0,26.82,26.93,26.875,0.10999999999999943,231.0,1011,0.13843635009765626,2026-08-28 19:54:33+00:00,769.3499755859375,2026-08-30,-0.01222753748964726,783.146415239116,0.007724374927512996,0.1661615321040153
2027-03-19,0.5506849315068493,P,765.0,28.44,28.56,28.5,0.11999999999999744,291.0,1632,0.1349268637084961,2026-08-28 19:05:19+00:00,769.3499755859375,2026-08-30,-0.005670136943488171,783.146415239116,0.007724374927512996,0.16379808467626567
2027-06-17,0.7972602739726027,C,770.0,55.73,58.18,56.955,2.450000000000003,19.0,1461,0.21324181541442874,2026-08-28 19:56:44+00:00,769.3499755859375,2026-08-30,0.0008445440777054266,790.1763440758552,0.006497552929384413,0.17306236952543258
2027-06-17,0.7972602739726027,C,775.0,52.82,55.74,54.28,2.9200000000000017,9.0,1915,0.2126162113189697,2026-08-28 18:14:48+00:00,769.3499755859375,2026-08-30,0.007317058583323013,790.1763440758552,0.006497552929384413,0.17261304038763048
2027-06-17,0.7972602739726027,C,780.0,50.32,51.84,51.08,1.5200000000000031,310.0,3347,0.20642883422851557,2026-08-28 19:56:22+00:00,769.3499755859375,2026-08-30,0.013747948913613342,790.1763440758552,0.006497552929384413,0.16992064112424848
2027-06-17,0.7972602739726027,C,785.0,47.28,48.79,48.035,1.509999999999998,17.0,3375,0.20309482215881344,2026-08-28 19:12:42+00:00,769.3499755859375,2026-08-30,0.020137747012384258,790.1763440758552,0.006497552929384413,0.16753514438867567
2027-06-17,0.7972602739726027,C,790.0,45.07,45.18,45.125,0.10999999999999943,171.0,2051,0.1974643852996826,2026-08-28 19:12:42+00:00,769.3499755859375,2026-08-30,0.02648697469104313,790.1763440758552,0.006497552929384413,0.16536835294961932
2027-06-17,0.7972602739726027,C,795.0,42.23,42.33,42.28,0.10000000000000142,7.0,3545,0.1943363648223877,2026-08-28 19:02:49+00:00,769.3499755859375,2026-08-30,0.03279614388430776,790.1763440758552,0.006497552929384413,0.16315090769529345
2027-06-17,0.7972602739726027,C,800.0,39.48,39.58,39.53,0.10000000000000142,40.0,16415,0.19129989616394044,2026-08-28 19:37:05+00:00,769.3499755859375,2026-08-30,0.03906575689790327,790.1763440758552,0.006497552929384413,0.160984116256237
2027-06-17,0.7972602739726027,C,805.0,36.84,36.94,36.89,0.09999999999999432,22.0,2226,0.18837023796081542,2026-08-28 19:41:28+00:00,769.3499755859375,2026-08-30,0.04529630664853925,790.1763440758552,0.006497552929384413,0.1589138650298118
2027-06-17,0.7972602739726027,C,810.0,34.3,34.4,34.349999999999994,0.10000000000000142,54.0,3180,0.18551687294006344,2026-08-28 19:36:04+00:00,769.3499755859375,2026-08-30,0.051488276896460454,790.1763440758552,0.006497552929384413,0.1568954594731331
2027-06-17,0.7972602739726027,C,815.0,31.88,31.98,31.93,0.10000000000000142,82.0,2351,0.1828084649658203,2026-08-28 19:27:05+00:00,769.3499755859375,2026-08-30,0.05764214247083862,790.1763440758552,0.006497552929384413,0.15499683529138564
2027-06-17,0.7972602739726027,C,820.0,29.56,29.66,29.61,0.10000000000000142,33.0,2044,0.1801610915374756,2026-08-28 19:36:23+00:00,769.3499755859375,2026-08-30,0.06375836948827483,790.1763440758552,0.006497552929384413,0.15313754230737686
2027-06-17,0.7972602739726027,C,825.0,27.37,27.46,27.415,0.08999999999999986,76.0,3442,0.17764341651916501,2026-08-28 19:36:58+00:00,769.3499755859375,2026-08-30,0.06983741556465692,790.1763440758552,0.006497552929384413,0.15140816146135327
2027-06-17,0.7972602739726027,C,830.0,25.28,25.37,25.325000000000003,0.08999999999999986,18.0,2953,0.17522492263793943,2026-08-28 18:38:50+00:00,769.3499755859375,2026-08-30,0.07587973002061946,790.1763440758552,0.006497552929384413,0.14973181813955305
2027-06-17,0.7972602739726027,C,835.0,23.32,23.41,23.365000000000002,0.08999999999999986,1.0,2170,0.1729819030761719,2026-08-28 18:38:50+00:00,769.3499755859375,2026-08-30,0.08188575408083144,790.1763440758552,0.006497552929384413,0.14820505255460742
2027-06-17,0.7972602739726027,C,840.0,21.46,21.55,21.505000000000003,0.08999999999999986,21.0,4951,0.17079991806030276,2026-08-28 19:36:45+00:00,769.3499755859375,2026-08-30,0.08785592106733517,790.1763440758552,0.006497552929384413,0.14671463853120797
2027-06-17,0.7972602739726027,C,845.0,19.73,19.81,19.77,0.0799999999999983,1.0,4013,0.16876289009094242,2026-08-28 18:38:48+00:00,769.3499755859375,2026-08-30,0.09379065658714984,790.1763440758552,0.006497552929384413,0.14536307555437084
2027-06-17,0.7972602739726027,C,850.0,18.11,18.19,18.15,0.08000000000000185,107.0,4904,0.16687844848632816,2026-08-28 18:38:48+00:00,769.3499755859375,2026-08-30,0.09969037871433804,790.1763440758552,0.006497552929384413,0.1441211631894111
2027-06-17,0.7972602739726027,C,855.0,16.6,16.68,16.64,0.0799999999999983,3.0,4319,0.16511607597351077,2026-08-28 19:05:36+00:00,769.3499755859375,2026-08-30,0.10555549816673623,790.1763440758552,0.006497552929384413,0.14297757881879802
2027-06-17,0.7972602739726027,C,860.0,15.2,15.27,15.235,0.07000000000000028,141.0,5810,0.16345288459777835,2026-08-28 19:05:21+00:00,769.3499755859375,2026-08-30,0.11138641847752935,790.1763440758552,0.006497552929384413,0.14192397946119306
2027-06-17,0.7972602739726027,C,865.0,13.9,13.97,13.935,0.07000000000000028,3.0,12643,0.1619346502685547,2026-08-28 19:03:37+00:00,769.3499755859375,2026-08-30,0.11718353616185516,790.1763440758552,0.006497552929384413,0.14097645515203477
2027-06-17,0.7972602739726027,C,870.0,12.69,12.77,12.73,0.08000000000000007,59.0,3276,0.16055374366760253,2026-08-28 18:38:51+00:00,769.3499755859375,2026-08-30,0.12294724087860535,790.1763440758552,0.006497552929384413,0.14010520952939987
2027-06-17,0.7972602739726027,C,875.0,11.58,11.65,11.615,0.07000000000000028,101.0,1415,0.1592109836578369,2026-08-28 18:38:52+00:00,769.3499755859375,2026-08-30,0.12867791558759029,790.1763440758552,0.006497552929384413,0.13930547517538067
2027-06-17,0.7972602739726027,C,880.0,10.55,10.61,10.58,0.05999999999999872,45.0,6124,0.15792925819396972,2026-08-28 19:36:44+00:00,769.3499755859375,2026-08-30,0.13437593670222814,790.1763440758552,0.006497552929384413,0.13854507201910016
2027-06-17,0.7972602739726027,C,885.0,9.59,9.66,9.625,0.07000000000000028,6.0,9518,0.15677723114013675,2026-08-28 19:57:49+00:00,769.3499755859375,2026-08-30,0.14004167423790542,790.1763440758552,0.006497552929384413,0.13784247380495068
2027-06-17,0.7972602739726027,C,890.0,8.71,8.78,8.745000000000001,0.06999999999999851,32.0,10843,0.15567860931396482,2026-08-28 18:38:51+00:00,769.3499755859375,2026-08-30,0.14567549195616153,790.1763440758552,0.006497552929384413,0.13719112533330918
2027-06-17,0.7972602739726027,C,895.0,7.9,7.96,7.93,0.05999999999999961,16.0,14651,0.154579987487793,2026-08-28 18:38:51+00:00,769.3499755859375,2026-08-30,0.15127774750483128,790.1763440758552,0.006497552929384413,0.1365552709698677
2027-06-17,0.7972602739726027,C,900.0,7.14,7.2,7.17,0.0600000000000005,95.0,10187,0.15349662429809574,2026-08-28 19:56:25+00:00,769.3499755859375,2026-08-30,0.15684879255428677,790.1763440758552,0.006497552929384413,0.13589200395345685
2027-06-17,0.7972602739726027,C,905.0,6.45,6.51,6.48,0.05999999999999961,162.0,7030,0.15252007156372072,2026-08-28 19:59:02+00:00,769.3499755859375,2026-08-30,0.16238897292990206,790.1763440758552,0.006497552929384413,0.13531216675043106
2027-06-17,0.7972602739726027,C,910.0,5.81,5.86,5.835,0.05000000000000071,284.0,2897,0.15145196701049807,2026-08-28 18:38:50+00:00,769.3499755859375,2026-08-30,0.16789862874087158,790.1763440758552,0.006497552929384413,0.13467690831422802
2027-06-17,0.7972602739726027,C,915.0,5.22,5.27,5.244999999999999,0.04999999999999982,98.0,5235,0.1504754142761231,2026-08-28 18:38:49+00:00,769.3499755859375,2026-08-30,0.1733780945054973,790.1763440758552,0.006497552929384413,0.13406787067651743
2027-06-17,0.7972602739726027,C,920.0,4.68,4.73,4.705,0.05000000000000071,8.0,5502,0.1495293788146973,2026-08-28 19:03:12+00:00,769.3499755859375,2026-08-30,0.17882769927306189,790.1763440758552,0.006497552929384413,0.13347373121976852
2027-06-17,0.7972602739726027,C,925.0,4.19,4.24,4.215,0.04999999999999982,3.0,3656,0.14862911926269531,2026-08-28 18:38:48+00:00,769.3499755859375,2026-08-30,0.18424776674240118,790.1763440758552,0.006497552929384413,0.13291832703351975
2027-06-17,0.7972602739726027,C,930.0,3.75,3.8,3.775,0.04999999999999982,2.0,2981,0.14782041152954106,2026-08-28 18:38:52+00:00,769.3499755859375,2026-08-30,0.18963861537727753,790.1763440758552,0.006497552929384413,0.13243324226140973
2027-06-17,0.7972602739726027,C,935.0,3.35,3.39,3.37,0.040000000000000036,5.0,1306,0.14695066925048827,2026-08-28 19:03:12+00:00,769.3499755859375,2026-08-30,0.19500055851866302,790.1763440758552,0.006497552929384413,0.1319171692728996
2027-06-17,0.7972602739726027,C,940.0,2.98,3.03,3.005,0.04999999999999982,2.0,1543,0.146218254699707,2026-08-28 18:38:50+00:00,769.3499755859375,2026-08-30,0.20033390449402552,790.1763440758552,0.006497552929384413,0.1314380437731743
2027-06-17,0.7972602739726027,C,945.0,2.66,2.7,2.68,0.040000000000000036,2.0,3412,0.1454858401489258,2026-08-28 18:38:48+00:00,769.3499755859375,2026-08-30,0.2056389567237186,790.1763440758552,0.006497552929384413,0.13103102546930318
2027-06-17,0.7972602739726027,C,950.0,2.39,2.41,2.4000000000000004,0.020000000000000018,3.0,1830,0.14486023605346682,2026-08-28 18:38:47+00:00,769.3499755859375,2026-08-30,0.21091601382456246,790.1763440758552,0.006497552929384413,0.13079861384630204
2027-06-17,0.7972602739726027,C,955.0,2.11,2.15,2.13,0.040000000000000036,433.0,1866,0.14429566650390624,2026-08-28 18:38:47+00:00,769.3499755859375,2026-08-30,0.21616536971070613,790.1763440758552,0.006497552929384413,0.13036895030736922
2027-06-17,0.7972602739726027,C,960.0,1.88,1.91,1.895,0.030000000000000027,3.0,865,0.14368532104492188,2026-08-28 18:38:46+00:00,769.3499755859375,2026-08-30,0.2213873136918579,790.1763440758552,0.006497552929384413,0.13005966407060626
2027-06-17,0.7972602739726027,C,965.0,1.67,1.7,1.685,0.030000000000000027,3.0,390,0.1431665274047852,2026-08-28 18:39:26+00:00,769.3499755859375,2026-08-30,0.22658213056896181,790.1763440758552,0.006497552929384413,0.1297843456864357
2027-06-17,0.7972602739726027,C,970.0,1.49,1.52,1.505,0.030000000000000027,3.0,3738,0.14283083740234376,2026-08-28 18:41:57+00:00,769.3499755859375,2026-08-30,0.2317501007274045,790.1763440758552,0.006497552929384413,0.12965979689359663
2027-06-17,0.7972602739726027,C,975.0,1.33,1.36,1.3450000000000002,0.030000000000000027,3.0,940,0.14252566467285155,2026-08-28 19:55:33+00:00,769.3499755859375,2026-08-30,0.2368915002278231,790.1763440758552,0.006497552929384413,0.12958053857088087
2027-06-17,0.7972602739726027,C,980.0,1.19,1.22,1.205,0.030000000000000027,3.0,1544,0.14234256103515625,2026-08-28 18:38:47+00:00,769.3499755859375,2026-08-30,0.24200660089459364,790.1763440758552,0.006497552929384413,0.12958471006155015
2027-06-17,0.7972602739726027,C,985.0,1.06,1.09,1.0750000000000002,0.030000000000000027,3.0,472,0.1420984228515625,2026-08-28 18:38:46+00:00,769.3499755859375,2026-08-30,0.24709567040206482,790.1763440758552,0.006497552929384413,0.1295185621380806
2027-06-17,0.7972602739726027,C,990.0,0.95,0.98,0.965,0.030000000000000027,3.0,3416,0.14203738830566404,2026-08-28 18:45:01+00:00,769.3499755859375,2026-08-30,0.25215897235861146,790.1763440758552,0.006497552929384413,0.12960795122385022
2027-06-17,0.7972602739726027,C,995.0,0.86,0.88,0.87,0.020000000000000018,15.0,470,0.1419458364868164,2026-08-28 18:31:40+00:00,769.3499755859375,2026-08-30,0.25719676638856875,790.1763440758552,0.006497552929384413,0.12980162757635116
2027-06-17,0.7972602739726027,C,1000.0,0.77,0.79,0.78,0.020000000000000018,128.0,4441,0.14185428466796873,2026-08-28 20:05:13+00:00,769.3499755859375,2026-08-30,0.26220930821211297,790.1763440758552,0.006497552929384413,0.12989280444383627
2027-06-17,0.7972602739726027,C,1005.0,0.7,0.72,0.71,0.020000000000000018,3.0,641,0.14215945739746094,2026-08-28 18:44:19+00:00,769.3499755859375,2026-08-30,0.2671968497231521,790.1763440758552,0.006497552929384413,0.13029386347532274
2027-06-17,0.7972602739726027,C,1010.0,0.63,0.65,0.64,0.020000000000000018,3.0,2110,0.14222049194335937,2026-08-28 18:38:49+00:00,769.3499755859375,2026-08-30,0.27215963906528107,790.1763440758552,0.006497552929384413,0.13050601357221603
2027-06-17,0.7972602739726027,C,1015.0,0.57,0.59,0.58,0.020000000000000018,3.0,476,0.1424035955810547,2026-08-28 18:38:49+00:00,769.3499755859375,2026-08-30,0.2770979207058637,790.1763440758552,0.006497552929384413,0.13082543057203289
2027-06-17,0.7972602739726027,C,1020.0,0.52,0.54,0.53,0.020000000000000018,3.0,160,0.1427698028564453,2026-08-28 18:38:48+00:00,769.3499755859375,2026-08-30,0.2820119355082927,790.1763440758552,0.006497552929384413,0.13129740494489672
2027-06-17,0.7972602739726027,C,1025.0,0.48,0.5,0.49,0.020000000000000018,3.0,79,0.1433801483154297,2026-08-28 18:46:55+00:00,769.3499755859375,2026-08-30,0.2869019208024844,790.1763440758552,0.006497552929384413,0.13197557014226913
2027-06-17,0.7972602739726027,C,1030.0,0.44,0.46,0.45,0.020000000000000018,3.0,491,0.14380739013671873,2026-08-28 19:56:11+00:00,769.3499755859375,2026-08-30,0.2917681104536574,790.1763440758552,0.006497552929384413,0.13252263134717934
2027-06-17,0.7972602739726027,C,1035.0,0.41,0.43,0.42,0.020000000000000018,3.0,107,0.1445398046875,2026-08-28 18:50:25+00:00,769.3499755859375,2026-08-30,0.29661073492944534,790.1763440758552,0.006497552929384413,0.13334560686349867
2027-06-17,0.7972602739726027,C,1040.0,0.38,0.39,0.385,0.010000000000000009,2.0,216,0.1447229083251953,2026-08-05 14:06:52+00:00,769.3499755859375,2026-08-30,0.3014300213653943,790.1763440758552,0.006497552929384413,0.13384022647142407
2027-06-17,0.7972602739726027,C,1050.0,0.32,0.34,0.33,0.020000000000000018,2.0,160,0.14612670288085935,2026-08-24 17:48:09+00:00,769.3499755859375,2026-08-30,0.3109994723815451,790.1763440758552,0.006497552929384413,0.13514471119642252
2027-06-17,0.7972602739726027,C,1060.0,0.28,0.3,0.29000000000000004,0.019999999999999962,10.0,431,0.14771360107421877,2026-08-27 13:46:26+00:00,769.3499755859375,2026-08-30,0.3204782163360887,790.1763440758552,0.006497552929384413,0.13681688302755352
2027-06-17,0.7972602739726027,C,1070.0,0.24,0.26,0.25,0.020000000000000018,1.0,796,0.1489342919921875,2026-08-27 15:08:27+00:00,769.3499755859375,2026-08-30,0.3298679566859277,790.1763440758552,0.006497552929384413,0.13811898404359813
2027-06-17,0.7972602739726027,C,1080.0,0.22,0.23,0.225,0.010000000000000009,298.0,81,0.15039912109375003,2026-08-03 15:30:28+00:00,769.3499755859375,2026-08-30,0.33917034934824125,790.1763440758552,0.006497552929384413,0.14006409054994584
2027-06-17,0.7972602739726027,C,1090.0,0.19,0.21,0.2,0.01999999999999999,1.0,1382,0.15235222656250003,2026-08-28 14:44:46+00:00,769.3499755859375,2026-08-30,0.3483870044531653,790.1763440758552,0.006497552929384413,0.14174996870756146
2027-06-17,0.7972602739726027,C,1100.0,0.17,0.19,0.18,0.01999999999999999,1.0,4989,0.15418326293945314,2026-08-28 13:57:42+00:00,769.3499755859375,2026-08-30,0.35751948801643785,790.1763440758552,0.006497552929384413,0.14357469791173932
2027-06-17,0.7972602739726027,C,1110.0,0.15,0.17,0.16,0.020000000000000018,3.0,131,0.1557701611328125,2026-08-18 16:30:44+00:00,769.3499755859375,2026-08-30,0.3665693235363558,790.1763440758552,0.006497552929384413,0.1451503295302391
2027-06-17,0.7972602739726027,C,1120.0,0.13,0.15,0.14,0.01999999999999999,1.0,3796,0.15699085205078128,2026-08-06 16:38:35+00:00,769.3499755859375,2026-08-30,0.3755379935191162,790.1763440758552,0.006497552929384413,0.1464375323653221
2027-06-17,0.7972602739726027,C,1130.0,0.12,0.14,0.13,0.020000000000000018,50.0,1296,0.159188095703125,2026-08-28 19:01:39+00:00,769.3499755859375,2026-08-30,0.38442694093636226,790.1763440758552,0.006497552929384413,0.14857750707864759
2027-06-17,0.7972602739726027,C,1140.0,0.11,0.13,0.12,0.020000000000000004,5.0,135,0.161141201171875,2026-08-28 18:59:02+00:00,769.3499755859375,2026-08-30,0.393237570618517,790.1763440758552,0.006497552929384413,0.15057326740026472
2027-06-17,0.7972602739726027,C,1150.0,0.1,0.12,0.11,0.01999999999999999,2.0,352,0.16285016845703126,2026-08-14 14:58:56+00:00,769.3499755859375,2026-08-30,0.4019712505872716,790.1763440758552,0.006497552929384413,0.15241170293092726
2027-06-17,0.7972602739726027,C,1160.0,0.09,0.11,0.1,0.020000000000000004,5.0,73,0.1645591357421875,2026-08-21 15:21:59+00:00,769.3499755859375,2026-08-30,0.4106293133303862,790.1763440758552,0.006497552929384413,0.15407731956243514
2027-06-17,0.7972602739726027,C,1170.0,0.08,0.09,0.08499999999999999,0.009999999999999995,1.0,1088,0.1645591357421875,2026-06-25 14:56:04+00:00,769.3499755859375,2026-08-30,0.41921305702177775,790.1763440758552,0.006497552929384413,0.1547119820713997
2027-06-17,0.7972602739726027,C,1180.0,0.07,0.09,0.08,0.01999999999999999,1.0,138,0.16748879394531252,2026-08-20 15:28:45+00:00,769.3499755859375,2026-08-30,0.4277237466896864,790.1763440758552,0.006497552929384413,0.15679832333326338
2027-06-17,0.7972602739726027,P,455.0,2.98,3.0,2.99,0.020000000000000018,5.0,277,0.3389348333740234,2026-08-25 16:25:41+00:00,769.3499755859375,2026-08-30,-0.5252485518190737,790.1763440758552,0.006497552929384413,0.3544769231677056
2027-06-17,0.7972602739726027,P,460.0,3.08,3.11,3.0949999999999998,0.029999999999999805,2.0,418,0.33515069152832033,2026-08-17 16:18:41+00:00,769.3499755859375,2026-08-30,-0.5143194812868834,790.1763440758552,0.006497552929384413,0.35068563407659525
2027-06-17,0.7972602739726027,P,465.0,3.19,3.22,3.205,0.03000000000000025,100.0,946,0.33130551513671874,2026-08-14 13:30:00+00:00,769.3499755859375,2026-08-30,-0.5035085651826677,790.1763440758552,0.006497552929384413,0.346953341782093
2027-06-17,0.7972602739726027,P,470.0,3.3,3.33,3.315,0.03000000000000025,2.0,760,0.32746033874511715,2026-08-24 16:19:13+00:00,769.3499755859375,2026-08-30,-0.4928132760659198,790.1763440758552,0.006497552929384413,0.3431709915995599
2027-06-17,0.7972602739726027,P,475.0,3.42,3.45,3.435,0.03000000000000025,101.0,2343,0.3237067141723632,2026-08-27 15:16:31+00:00,769.3499755859375,2026-08-30,-0.48223116673538285,790.1763440758552,0.006497552929384413,0.3395400069355965
2027-06-17,0.7972602739726027,P,480.0,3.54,3.57,3.5549999999999997,0.029999999999999805,80.0,366,0.3199225723266601,2026-08-27 17:08:18+00:00,769.3499755859375,2026-08-30,-0.4717598668680874,790.1763440758552,0.006497552929384413,0.33585360103845596
2027-06-17,0.7972602739726027,P,485.0,3.67,3.7,3.685,0.03000000000000025,3.0,451,0.3162604995727538,2026-08-28 13:30:00+00:00,769.3499755859375,2026-08-30,-0.4613970798325408,790.1763440758552,0.006497552929384413,0.3323006828427315
2027-06-17,0.7972602739726027,P,490.0,3.8,3.83,3.815,0.03000000000000025,26.0,784,0.3125373922729492,2026-08-27 17:24:59+00:00,769.3499755859375,2026-08-30,-0.4511405796653517,790.1763440758552,0.006497552929384413,0.32868936377763747
2027-06-17,0.7972602739726027,P,495.0,3.94,3.97,3.955,0.03000000000000025,10.0,900,0.30893635406494135,2026-08-27 13:36:39+00:00,769.3499755859375,2026-08-30,-0.44098820820133383,790.1763440758552,0.006497552929384413,0.3251948464512825
2027-06-17,0.7972602739726027,P,500.0,4.08,4.11,4.095000000000001,0.03000000000000025,8.0,8575,0.30524376403808595,2026-08-28 17:37:44+00:00,769.3499755859375,2026-08-30,-0.4309378723478324,790.1763440758552,0.006497552929384413,0.32163954454660415
2027-06-17,0.7972602739726027,P,505.0,4.23,4.26,4.245,0.02999999999999936,135.0,1605,0.30167324310302734,2026-08-28 18:39:30+00:00,769.3499755859375,2026-08-30,-0.4209875414946643,790.1763440758552,0.006497552929384413,0.31818793398141854
2027-06-17,0.7972602739726027,P,510.0,4.39,4.42,4.404999999999999,0.03000000000000025,1.0,578,0.2981942739868163,2026-08-28 18:39:24+00:00,769.3499755859375,2026-08-30,-0.4111352450516526,790.1763440758552,0.006497552929384413,0.31482809621095653
2027-06-17,0.7972602739726027,P,515.0,4.55,4.59,4.57,0.040000000000000036,1.0,1243,0.29480685668945306,2026-08-28 18:40:14+00:00,769.3499755859375,2026-08-30,-0.40137907010628787,790.1763440758552,0.006497552929384413,0.3114742177128792
2027-06-17,0.7972602739726027,P,520.0,4.72,4.76,4.74,0.040000000000000036,14.0,2069,0.2913126289367675,2026-08-28 18:38:50+00:00,769.3499755859375,2026-08-30,-0.39171715919455097,790.1763440758552,0.006497552929384413,0.3081233188509941
2027-06-17,0.7972602739726027,P,525.0,4.9,4.93,4.915,0.02999999999999936,3.0,1545,0.2877573666381835,2026-08-28 18:38:50+00:00,769.3499755859375,2026-08-30,-0.38214770817840027,790.1763440758552,0.006497552929384413,0.3047742077708244
2027-06-17,0.7972602739726027,P,530.0,5.08,5.12,5.1,0.040000000000000036,10.0,2170,0.2844004666137695,2026-08-28 18:39:24+00:00,769.3499755859375,2026-08-30,-0.37266896422385665,790.1763440758552,0.006497552929384413,0.30149124461412424
2027-06-17,0.7972602739726027,P,535.0,5.28,5.32,5.300000000000001,0.040000000000000036,1.0,2796,0.2811046011352538,2026-08-28 18:38:46+00:00,769.3499755859375,2026-08-30,-0.36327922387401756,790.1763440758552,0.006497552929384413,0.2983322343230247
2027-06-17,0.7972602739726027,P,540.0,5.48,5.52,5.5,0.03999999999999915,7.0,2970,0.27771718383789057,2026-08-28 18:38:47+00:00,769.3499755859375,2026-08-30,-0.35397683121170403,790.1763440758552,0.006497552929384413,0.295090986073017
2027-06-17,0.7972602739726027,P,545.0,5.69,5.73,5.710000000000001,0.040000000000000036,1.0,4099,0.27437554244995116,2026-08-28 18:38:47+00:00,769.3499755859375,2026-08-30,-0.34476017610678,790.1763440758552,0.006497552929384413,0.2918968160748481
2027-06-17,0.7972602739726027,P,550.0,5.91,5.95,5.93,0.040000000000000036,5.0,3416,0.271064418334961,2026-08-28 18:38:47+00:00,769.3499755859375,2026-08-30,-0.33562769254350744,790.1763440758552,0.006497552929384413,0.28874197727441775
2027-06-17,0.7972602739726027,P,555.0,6.15,6.19,6.17,0.040000000000000036,16.0,1685,0.2678906219482422,2026-08-28 18:38:48+00:00,769.3499755859375,2026-08-30,-0.32657785702358955,790.1763440758552,0.006497552929384413,0.28573492842912673
2027-06-17,0.7972602739726027,P,560.0,6.39,6.43,6.41,0.040000000000000036,1.0,2335,0.26462527374267575,2026-08-28 18:38:49+00:00,769.3499755859375,2026-08-30,-0.31760918704082913,790.1763440758552,0.006497552929384413,0.282636106789112
2027-06-17,0.7972602739726027,P,565.0,6.64,6.68,6.66,0.040000000000000036,1.0,3412,0.26139044281005863,2026-08-28 18:38:50+00:00,769.3499755859375,2026-08-30,-0.3087202396235831,790.1763440758552,0.006497552929384413,0.27955754667520516
2027-06-17,0.7972602739726027,P,570.0,6.91,6.95,6.93,0.040000000000000036,1.0,2334,0.2582471636962891,2026-08-28 18:38:51+00:00,769.3499755859375,2026-08-30,-0.2999096099414283,790.1763440758552,0.006497552929384413,0.2765999597907066
2027-06-17,0.7972602739726027,P,575.0,7.18,7.23,7.205,0.05000000000000071,3.0,2889,0.25510388458251965,2026-08-28 18:38:55+00:00,769.3499755859375,2026-08-30,-0.29117592997267366,790.1763440758552,0.006497552929384413,0.2735952946543694
2027-06-17,0.7972602739726027,P,580.0,7.47,7.52,7.494999999999999,0.04999999999999982,1.0,2248,0.25196060546875,2026-08-28 18:38:53+00:00,769.3499755859375,2026-08-30,-0.28251786722955907,790.1763440758552,0.006497552929384413,0.2706436670422553
2027-06-17,0.7972602739726027,P,585.0,7.77,7.82,7.795,0.05000000000000071,3.0,2262,0.2488173263549805,2026-08-28 18:38:47+00:00,769.3499755859375,2026-08-30,-0.2739341235381676,790.1763440758552,0.006497552929384413,0.2676878679394721
2027-06-17,0.7972602739726027,P,590.0,8.09,8.14,8.115,0.05000000000000071,2.0,2262,0.24573508178710937,2026-08-28 19:50:00+00:00,769.3499755859375,2026-08-30,-0.2654234338702589,790.1763440758552,0.006497552929384413,0.2648160945773125
2027-06-17,0.7972602739726027,P,595.0,8.42,8.47,8.445,0.05000000000000071,4.0,1829,0.24265283721923825,2026-08-28 18:38:47+00:00,769.3499755859375,2026-08-30,-0.2569845652243943,790.1763440758552,0.006497552929384413,0.2619282311797142
2027-06-17,0.7972602739726027,P,600.0,8.77,8.81,8.79,0.040000000000000924,17.0,6852,0.2395248167419433,2026-08-28 19:56:09+00:00,769.3499755859375,2026-08-30,-0.24861631555387764,790.1763440758552,0.006497552929384413,0.2590642048716545
2027-06-17,0.7972602739726027,P,605.0,9.13,9.18,9.155000000000001,0.049999999999998934,41.0,1546,0.2365341239929199,2026-08-28 18:38:49+00:00,769.3499755859375,2026-08-30,-0.24031751273918253,790.1763440758552,0.006497552929384413,0.2562591753602028
2027-06-17,0.7972602739726027,P,610.0,9.51,9.56,9.535,0.05000000000000071,4.0,1749,0.23351291397094726,2026-08-28 18:38:49+00:00,769.3499755859375,2026-08-30,-0.2320870136026672,790.1763440758552,0.006497552929384413,0.2534624888300895
2027-06-17,0.7972602739726027,P,615.0,9.9,9.96,9.93,0.0600000000000005,13.0,2146,0.23050696258544923,2026-08-28 19:36:44+00:00,769.3499755859375,2026-08-30,-0.22392370296350625,790.1763440758552,0.006497552929384413,0.25066937786340715
2027-06-17,0.7972602739726027,P,620.0,10.31,10.37,10.34,0.05999999999999872,2.0,3189,0.22747049392700192,2026-08-28 18:38:53+00:00,769.3499755859375,2026-08-30,-0.21582649273088686,790.1763440758552,0.006497552929384413,0.24787447911500932
2027-06-17,0.7972602739726027,P,625.0,10.75,10.81,10.780000000000001,0.0600000000000005,3.0,3224,0.22451031845092767,2026-08-28 18:39:24+00:00,769.3499755859375,2026-08-30,-0.20779432103362258,790.1763440758552,0.006497552929384413,0.24518327170610427
2027-06-17,0.7972602739726027,P,630.0,11.2,11.26,11.23,0.0600000000000005,32.0,2325,0.22150436706542967,2026-08-28 19:39:48+00:00,769.3499755859375,2026-08-30,-0.19982615138444568,790.1763440758552,0.006497552929384413,0.2424384308457374
2027-06-17,0.7972602739726027,P,635.0,11.67,11.73,11.7,0.0600000000000005,1.0,2461,0.2184984156799316,2026-08-28 18:38:47+00:00,769.3499755859375,2026-08-30,-0.1919209718773324,790.1763440758552,0.006497552929384413,0.23970848816633222
2027-06-17,0.7972602739726027,P,640.0,12.17,12.23,12.2,0.0600000000000005,2.0,1518,0.21555349884033204,2026-08-28 18:38:48+00:00,769.3499755859375,2026-08-30,-0.18407779441630648,790.1763440758552,0.006497552929384413,0.23705482417345047
2027-06-17,0.7972602739726027,P,645.0,12.68,12.75,12.715,0.07000000000000028,2.0,2310,0.2125933233642578,2026-08-28 18:39:24+00:00,769.3499755859375,2026-08-30,-0.1762956539742515,790.1763440758552,0.006497552929384413,0.2343671923279762
2027-06-17,0.7972602739726027,P,650.0,13.22,13.28,13.25,0.05999999999999872,21.0,3886,0.20955685470581054,2026-08-28 19:50:00+00:00,769.3499755859375,2026-08-30,-0.16857360788034131,790.1763440758552,0.006497552929384413,0.23167360121011732
2027-06-17,0.7972602739726027,P,655.0,13.79,13.86,13.825,0.07000000000000028,4.0,1590,0.20667297241210933,2026-08-28 19:38:46+00:00,769.3499755859375,2026-08-30,-0.1609107351347722,790.1763440758552,0.006497552929384413,0.22909264034032822
2027-06-17,0.7972602739726027,P,660.0,14.38,14.45,14.415,0.06999999999999851,12.0,3634,0.20369753829956055,2026-08-28 18:38:49+00:00,769.3499755859375,2026-08-30,-0.15330613574955285,790.1763440758552,0.006497552929384413,0.22645864194631582
2027-06-17,0.7972602739726027,P,665.0,15.0,15.07,15.035,0.07000000000000028,16.0,2898,0.2007373628234863,2026-08-28 19:26:27+00:00,769.3499755859375,2026-08-30,-0.14575893011416993,790.1763440758552,0.006497552929384413,0.22385801547765732
2027-06-17,0.7972602739726027,P,670.0,15.65,15.72,15.685,0.07000000000000028,3.0,4229,0.19778481666564943,2026-08-28 19:21:46+00:00,769.3499755859375,2026-08-30,-0.1382682583850123,790.1763440758552,0.006497552929384413,0.22128063017129895
2027-06-17,0.7972602739726027,P,675.0,16.33,16.4,16.365,0.07000000000000028,7.0,3132,0.1948322705078125,2026-08-28 19:21:55+00:00,769.3499755859375,2026-08-30,-0.13083327989749421,790.1763440758552,0.006497552929384413,0.2187181430459022
2027-06-17,0.7972602739726027,P,680.0,17.04,17.12,17.08,0.08000000000000185,760.0,7558,0.19191787094116214,2026-08-28 19:28:33+00:00,769.3499755859375,2026-08-30,-0.12345317259987164,790.1763440758552,0.006497552929384413,0.21619021970033647
2027-06-17,0.7972602739726027,P,685.0,17.78,17.86,17.82,0.0799999999999983,16.0,16178,0.18892717819213867,2026-08-28 19:27:02+00:00,769.3499755859375,2026-08-30,-0.11612713250779871,790.1763440758552,0.006497552929384413,0.21363428777456284
2027-06-17,0.7972602739726027,P,690.0,18.56,18.64,18.6,0.08000000000000185,8.0,2673,0.18596700271606442,2026-08-28 18:38:52+00:00,769.3499755859375,2026-08-30,-0.10885437317871904,790.1763440758552,0.006497552929384413,0.21112245446443556
2027-06-17,0.7972602739726027,P,695.0,19.37,19.46,19.415,0.08999999999999986,53.0,1984,0.18300682723999018,2026-08-28 19:15:37+00:00,769.3499755859375,2026-08-30,-0.10163412520523196,790.1763440758552,0.006497552929384413,0.2086189641356468
2027-06-17,0.7972602739726027,P,700.0,20.23,20.31,20.27,0.0799999999999983,138.0,8655,0.1800085051727295,2026-08-28 19:33:19+00:00,769.3499755859375,2026-08-30,-0.09446563572661941,790.1763440758552,0.006497552929384413,0.2061399068236351
2027-06-17,0.7972602739726027,P,705.0,21.12,21.21,21.165,0.08999999999999986,3.0,2546,0.17703307106018065,2026-08-28 18:38:51+00:00,769.3499755859375,2026-08-30,-0.08734816795775542,790.1763440758552,0.006497552929384413,0.2036763436198234
2027-06-17,0.7972602739726027,P,710.0,22.05,22.15,22.1,0.09999999999999787,6.0,13965,0.17404237831115724,2026-08-28 19:50:00+00:00,769.3499755859375,2026-08-30,-0.08028100073466295,790.1763440758552,0.006497552929384413,0.20121933561563488
2027-06-17,0.7972602739726027,P,715.0,23.04,23.13,23.085,0.08999999999999986,5.0,2181,0.1710135389709473,2026-08-28 18:38:48+00:00,769.3499755859375,2026-08-30,-0.07326342807601638,790.1763440758552,0.006497552929384413,0.19880523437261577
2027-06-17,0.7972602739726027,P,720.0,24.06,24.17,24.115000000000002,0.11000000000000298,3.0,1866,0.16802284622192387,2026-08-28 18:47:36+00:00,769.3499755859375,2026-08-30,-0.06629475875992302,790.1763440758552,0.006497552929384413,0.19640185981988906
2027-06-17,0.7972602739726027,P,725.0,25.14,25.25,25.195,0.10999999999999943,2.0,1135,0.16497111892700195,2026-08-28 18:38:49+00:00,769.3499755859375,2026-08-30,-0.05937431591534923,790.1763440758552,0.006497552929384413,0.19402113050222392
2027-06-17,0.7972602739726027,P,730.0,26.27,26.38,26.325,0.10999999999999943,9.0,4056,0.16189650367736816,2026-08-28 19:36:44+00:00,769.3499755859375,2026-08-30,-0.0525014366275873,790.1763440758552,0.006497552929384413,0.19165410751104356
2027-06-17,0.7972602739726027,P,735.0,27.46,27.57,27.515,0.10999999999999943,7.0,1933,0.1588142591094971,2026-08-28 18:38:51+00:00,769.3499755859375,2026-08-30,-0.045675471557187416,790.1763440758552,0.006497552929384413,0.1893329709172249
2027-06-17,0.7972602739726027,P,740.0,28.7,28.82,28.759999999999998,0.120000000000001,79.0,2377,0.15571675590515136,2026-08-28 18:47:29+00:00,769.3499755859375,2026-08-30,-0.038895784571808645,790.1763440758552,0.006497552929384413,0.1870255406498909
2027-06-17,0.7972602739726027,P,745.0,30.01,30.13,30.07,0.11999999999999744,6.0,1716,0.15258873542785648,2026-08-28 18:46:00+00:00,769.3499755859375,2026-08-30,-0.03216175239046455,790.1763440758552,0.006497552929384413,0.18476280492544173
2027-06-17,0.7972602739726027,P,750.0,31.38,31.51,31.445,0.13000000000000256,548.0,7262,0.14944545631408693,2026-08-28 19:34:20+00:00,769.3499755859375,2026-08-30,-0.025472764239667926,790.1763440758552,0.006497552929384413,0.18253403705358506
2027-06-17,0.7972602739726027,P,755.0,32.83,32.97,32.9,0.14000000000000057,93.0,1847,0.14630980651855469,2026-08-28 19:34:20+00:00,769.3499755859375,2026-08-30,-0.018828221520999333,790.1763440758552,0.006497552929384413,0.180386911213398
2027-06-17,0.7972602739726027,P,760.0,34.36,34.5,34.43,0.14000000000000057,204.0,3816,0.14312838081359866,2026-08-28 19:53:31+00:00,769.3499755859375,2026-08-30,-0.01222753748964726,790.1763440758552,0.006497552929384413,0.1782910351157188
2027-06-17,0.7972602739726027,P,765.0,35.98,36.12,36.05,0.14000000000000057,114.0,1820,0.13995458442687989,2026-08-28 19:35:58+00:00,769.3499755859375,2026-08-30,-0.005670136943488171,790.1763440758552,0.006497552929384413,0.17629169923067095
2027-09-17,1.0493150684931507,C,770.0,68.59,72.47,70.53,3.8799999999999955,19.0,1529,0.23155980850219726,2026-08-28 19:57:57+00:00,769.3499755859375,2026-08-30,0.0008445440777054266,797.6046605501026,0.005627968032893636,0.18361624091863632
2027-09-17,1.0493150684931507,C,775.0,65.4,69.28,67.34,3.8799999999999955,17.0,806,0.2285004518890381,2026-08-28 19:47:26+00:00,769.3499755859375,2026-08-30,0.007317058583323013,797.6046605501026,0.005627968032893636,0.18148043769598005
2027-09-17,1.0493150684931507,C,780.0,62.96,65.31,64.135,2.3500000000000014,15.0,377,0.22280135116577143,2026-08-28 17:52:30+00:00,769.3499755859375,2026-08-30,0.013747948913613342,797.6046605501026,0.005627968032893636,0.17911401063203813
2027-09-17,1.0493150684931507,C,785.0,59.21,63.09,61.150000000000006,3.8800000000000026,10.0,1198,0.22250380775451659,2026-08-28 19:24:01+00:00,769.3499755859375,2026-08-30,0.020137747012384258,797.6046605501026,0.005627968032893636,0.17728093844652176
2027-09-17,1.0493150684931507,C,790.0,56.22,60.1,58.16,3.8800000000000026,7.0,1244,0.21958940818786618,2026-08-28 19:21:25+00:00,769.3499755859375,2026-08-30,0.02648697469104313,797.6046605501026,0.005627968032893636,0.1752375039458275
2027-09-17,1.0493150684931507,C,795.0,55.19,55.31,55.25,0.12000000000000455,2.0,581,0.2107813602828979,2026-08-28 15:25:27+00:00,769.3499755859375,2026-08-30,0.03279614388430776,797.6046605501026,0.005627968032893636,0.17325544995069497
2027-09-17,1.0493150684931507,C,800.0,52.34,52.46,52.400000000000006,0.11999999999999744,13.0,645,0.20794706855773923,2026-08-28 20:07:44+00:00,769.3499755859375,2026-08-30,0.03906575689790327,797.6046605501026,0.005627968032893636,0.17126386111974717
2027-09-17,1.0493150684931507,C,805.0,49.57,49.68,49.625,0.10999999999999943,2.0,664,0.20514710876464842,2026-08-28 19:24:19+00:00,769.3499755859375,2026-08-30,0.04529630664853925,797.6046605501026,0.005627968032893636,0.16930624014139178
2027-09-17,1.0493150684931507,C,810.0,46.87,46.98,46.925,0.10999999999999943,2.0,479,0.2024005541992187,2026-08-28 19:24:20+00:00,769.3499755859375,2026-08-30,0.051488276896460454,797.6046605501026,0.005627968032893636,0.16737543588876724
2027-09-17,1.0493150684931507,C,815.0,44.27,44.38,44.325,0.10999999999999943,133.0,902,0.19977225406646731,2026-08-28 19:32:58+00:00,769.3499755859375,2026-08-30,0.05764214247083862,797.6046605501026,0.005627968032893636,0.16554772704839704
2027-09-17,1.0493150684931507,C,820.0,41.74,41.85,41.795,0.10999999999999943,8.0,3622,0.19715921257019042,2026-08-28 19:24:19+00:00,769.3499755859375,2026-08-30,0.06375836948827483,797.6046605501026,0.005627968032893636,0.16372180598974223
2027-09-17,1.0493150684931507,C,825.0,39.3,39.41,39.355,0.10999999999999943,25.0,328,0.19462627891540527,2026-08-28 19:26:19+00:00,769.3499755859375,2026-08-30,0.06983741556465692,797.6046605501026,0.005627968032893636,0.1619572654366493
2027-09-17,1.0493150684931507,C,830.0,36.95,37.06,37.005,0.10999999999999943,3.0,342,0.1921696384429932,2026-08-28 15:34:02+00:00,769.3499755859375,2026-08-30,0.07587973002061946,797.6046605501026,0.005627968032893636,0.16025052982568738
2027-09-17,1.0493150684931507,C,835.0,34.7,34.8,34.75,0.09999999999999432,16.0,494,0.18978166183471684,2026-08-28 18:20:44+00:00,769.3499755859375,2026-08-30,0.08188575408083144,797.6046605501026,0.005627968032893636,0.15861590141057963
2027-09-17,1.0493150684931507,C,840.0,32.54,32.64,32.59,0.10000000000000142,5.0,1533,0.1874928663635254,2026-08-28 15:34:04+00:00,769.3499755859375,2026-08-30,0.08785592106733517,797.6046605501026,0.005627968032893636,0.1570504005551338
2027-09-17,1.0493150684931507,C,845.0,30.46,30.56,30.509999999999998,0.09999999999999787,8.0,1152,0.18524984680175777,2026-08-28 17:42:29+00:00,769.3499755859375,2026-08-30,0.09379065658714984,797.6046605501026,0.005627968032893636,0.15550456529855733
2027-09-17,1.0493150684931507,C,850.0,28.49,28.59,28.54,0.10000000000000142,3.0,1929,0.1831365256500244,2026-08-28 15:34:01+00:00,769.3499755859375,2026-08-30,0.09969037871433804,797.6046605501026,0.005627968032893636,0.1540779154896736
2027-09-17,1.0493150684931507,C,855.0,26.6,26.7,26.65,0.09999999999999787,1.0,1450,0.1810613510894775,2026-08-28 15:34:05+00:00,769.3499755859375,2026-08-30,0.10555549816673623,797.6046605501026,0.005627968032893636,0.1526703353524208
2027-09-17,1.0493150684931507,C,860.0,24.82,24.92,24.87,0.10000000000000142,1.0,1608,0.17913113357543942,2026-08-28 15:34:02+00:00,769.3499755859375,2026-08-30,0.11138641847752935,797.6046605501026,0.005627968032893636,0.15138730400800704
2027-09-17,1.0493150684931507,C,865.0,23.12,23.21,23.165,0.08999999999999986,2.0,1579,0.17720854537963865,2026-08-28 15:34:04+00:00,769.3499755859375,2026-08-30,0.11718353616185516,797.6046605501026,0.005627968032893636,0.15010963600873944
2027-09-17,1.0493150684931507,C,870.0,21.53,21.62,21.575000000000003,0.08999999999999986,102.0,1527,0.1754766901397705,2026-08-28 15:34:04+00:00,769.3499755859375,2026-08-30,0.12294724087860535,797.6046605501026,0.005627968032893636,0.14898452538251872
2027-09-17,1.0493150684931507,C,875.0,20.02,20.1,20.060000000000002,0.08000000000000185,226.0,1579,0.17376009353637695,2026-08-28 18:51:43+00:00,769.3499755859375,2026-08-30,0.12867791558759029,797.6046605501026,0.005627968032893636,0.1478749088644981
2027-09-17,1.0493150684931507,C,880.0,18.6,18.69,18.645000000000003,0.08999999999999986,101.0,3726,0.17221897125244146,2026-08-28 15:34:05+00:00,769.3499755859375,2026-08-30,0.13437593670222814,797.6046605501026,0.005627968032893636,0.14687911444902418
2027-09-17,1.0493150684931507,C,885.0,17.27,17.35,17.310000000000002,0.08000000000000185,361.0,920,0.17070073692321783,2026-08-28 19:36:45+00:00,769.3499755859375,2026-08-30,0.14004167423790542,797.6046605501026,0.005627968032893636,0.14593159013986584
2027-09-17,1.0493150684931507,C,890.0,16.02,16.1,16.060000000000002,0.08000000000000185,1.0,920,0.16929694236755374,2026-08-28 15:34:04+00:00,769.3499755859375,2026-08-30,0.14567549195616153,797.6046605501026,0.005627968032893636,0.145059152662754
2027-09-17,1.0493150684931507,C,895.0,14.84,14.92,14.879999999999999,0.08000000000000007,31.0,552,0.1679389237213135,2026-08-28 19:36:50+00:00,769.3499755859375,2026-08-30,0.15127774750483128,797.6046605501026,0.005627968032893636,0.1442135319113731
2027-09-17,1.0493150684931507,C,900.0,13.75,13.82,13.785,0.07000000000000028,62.0,2582,0.16668008621215824,2026-08-28 19:53:34+00:00,769.3499755859375,2026-08-30,0.15684879255428677,797.6046605501026,0.005627968032893636,0.14346504729986187
2027-09-17,1.0493150684931507,C,905.0,12.72,12.79,12.754999999999999,0.06999999999999851,1.0,168,0.16548228324890138,2026-08-28 15:34:04+00:00,769.3499755859375,2026-08-30,0.16238897292990206,797.6046605501026,0.005627968032893636,0.1427421875596046
2027-09-17,1.0493150684931507,C,910.0,11.76,11.83,11.795,0.07000000000000028,18.0,149,0.16436077346801758,2026-08-28 19:36:44+00:00,769.3499755859375,2026-08-30,0.16789862874087158,797.6046605501026,0.005627968032893636,0.14207832461595532
2027-09-17,1.0493150684931507,C,915.0,10.86,10.93,10.895,0.07000000000000028,39.0,496,0.16327741027832032,2026-08-28 19:38:13+00:00,769.3499755859375,2026-08-30,0.1733780945054973,797.6046605501026,0.005627968032893636,0.14144008654356
2027-09-17,1.0493150684931507,C,920.0,10.02,10.09,10.055,0.07000000000000028,1.0,146,0.16225508163452146,2026-08-28 15:34:05+00:00,769.3499755859375,2026-08-30,0.17882769927306189,797.6046605501026,0.005627968032893636,0.14083939188718797
2027-09-17,1.0493150684931507,C,925.0,9.23,9.3,9.265,0.07000000000000028,2.0,410,0.16123275299072265,2026-08-28 20:04:54+00:00,769.3499755859375,2026-08-30,0.18424776674240118,797.6046605501026,0.005627968032893636,0.14023750537633894
2027-09-17,1.0493150684931507,C,930.0,8.5,8.56,8.530000000000001,0.0600000000000005,2.0,835,0.16024094161987307,2026-08-28 15:34:04+00:00,769.3499755859375,2026-08-30,0.18963861537727753,797.6046605501026,0.005627968032893636,0.13967197042703627
2027-09-17,1.0493150684931507,C,935.0,7.81,7.88,7.845,0.07000000000000028,2.0,115,0.1593406820678711,2026-08-28 15:34:03+00:00,769.3499755859375,2026-08-30,0.19500055851866302,797.6046605501026,0.005627968032893636,0.13912908071279523
2027-09-17,1.0493150684931507,C,940.0,7.17,7.24,7.205,0.07000000000000028,3.0,2408,0.15844042251586915,2026-08-28 16:16:04+00:00,769.3499755859375,2026-08-30,0.20033390449402552,797.6046605501026,0.005627968032893636,0.1385933421254158
2027-09-17,1.0493150684931507,C,945.0,6.58,6.64,6.609999999999999,0.05999999999999961,3.0,1123,0.15753253364562989,2026-08-28 15:57:40+00:00,769.3499755859375,2026-08-30,0.2056389567237186,797.6046605501026,0.005627968032893636,0.1380778650641441
2027-09-17,1.0493150684931507,C,950.0,6.03,6.09,6.0600000000000005,0.05999999999999961,4.0,1820,0.1567009379577637,2026-08-28 16:15:40+00:00,769.3499755859375,2026-08-30,0.21091601382456246,797.6046605501026,0.005627968032893636,0.13759575992822648
2027-09-17,1.0493150684931507,C,955.0,5.52,5.58,5.55,0.0600000000000005,4.0,539,0.15590748886108396,2026-08-28 15:34:04+00:00,769.3499755859375,2026-08-30,0.21616536971070613,797.6046605501026,0.005627968032893636,0.13713272446393965
2027-09-17,1.0493150684931507,C,960.0,5.04,5.1,5.07,0.05999999999999961,8.0,347,0.15508352249145513,2026-08-28 19:37:19+00:00,769.3499755859375,2026-08-30,0.2213873136918579,797.6046605501026,0.005627968032893636,0.13663214558362957
2027-09-17,1.0493150684931507,C,965.0,4.61,4.66,4.635,0.04999999999999982,1.0,919,0.15432059066772463,2026-08-28 15:34:03+00:00,769.3499755859375,2026-08-30,0.22658213056896181,797.6046605501026,0.005627968032893636,0.13621320873498916
2027-09-17,1.0493150684931507,C,970.0,4.21,4.26,4.234999999999999,0.04999999999999982,7.0,277,0.1536339520263672,2026-08-28 19:37:19+00:00,769.3499755859375,2026-08-30,0.2317501007274045,797.6046605501026,0.005627968032893636,0.13582406824827192
2027-09-17,1.0493150684931507,C,975.0,3.84,3.89,3.865,0.050000000000000266,10.0,798,0.15296257202148442,2026-08-28 19:52:09+00:00,769.3499755859375,2026-08-30,0.2368915002278231,797.6046605501026,0.005627968032893636,0.1354432707428932
2027-09-17,1.0493150684931507,C,980.0,3.51,3.55,3.53,0.040000000000000036,3.0,3372,0.1523217092895508,2026-08-28 15:34:10+00:00,769.3499755859375,2026-08-30,0.24200660089459364,797.6046605501026,0.005627968032893636,0.1351292170882225
2027-09-17,1.0493150684931507,C,985.0,3.2,3.24,3.22,0.040000000000000036,142.0,6223,0.15174188110351564,2026-08-28 17:11:11+00:00,769.3499755859375,2026-08-30,0.24709567040206482,797.6046605501026,0.005627968032893636,0.1348157593607902
2027-09-17,1.0493150684931507,C,990.0,2.92,2.96,2.94,0.040000000000000036,3.0,4785,0.15123834609985354,2026-08-28 15:33:59+00:00,769.3499755859375,2026-08-30,0.25215897235861146,797.6046605501026,0.005627968032893636,0.13456725770235056
2027-09-17,1.0493150684931507,C,995.0,2.66,2.7,2.68,0.040000000000000036,9.0,3084,0.15073481109619147,2026-08-28 16:52:00+00:00,769.3499755859375,2026-08-30,0.25719676638856875,797.6046605501026,0.005627968032893636,0.13430504971742624
2027-09-17,1.0493150684931507,C,1000.0,2.43,2.47,2.45,0.040000000000000036,10.0,3746,0.15033808654785158,2026-08-28 19:28:16+00:00,769.3499755859375,2026-08-30,0.26220930821211297,797.6046605501026,0.005627968032893636,0.13415308827161782
2027-09-17,1.0493150684931507,C,1005.0,2.21,2.26,2.235,0.04999999999999982,5.0,3463,0.1500023965454102,2026-08-28 15:34:08+00:00,769.3499755859375,2026-08-30,0.2671968497231521,797.6046605501026,0.005627968032893636,0.13397013860940926
2027-09-17,1.0493150684931507,C,1010.0,2.02,2.06,2.04,0.040000000000000036,5.0,4819,0.14957515472412108,2026-08-28 15:34:10+00:00,769.3499755859375,2026-08-30,0.27215963906528107,797.6046605501026,0.005627968032893636,0.13382711607217784
2027-09-17,1.0493150684931507,C,1015.0,1.85,1.89,1.87,0.039999999999999813,4.0,2117,0.14936153381347655,2026-08-28 15:34:11+00:00,769.3499755859375,2026-08-30,0.2770979207058637,797.6046605501026,0.005627968032893636,0.1338140056729316
2027-09-17,1.0493150684931507,C,1020.0,1.69,1.73,1.71,0.040000000000000036,4.0,4414,0.1491173956298828,2026-08-28 15:34:04+00:00,769.3499755859375,2026-08-30,0.2820119355082927,797.6046605501026,0.005627968032893636,0.13375679665803908
2027-09-17,1.0493150684931507,C,1025.0,1.55,1.59,1.57,0.040000000000000036,15.0,1287,0.14899532653808595,2026-08-28 15:39:36+00:00,769.3499755859375,2026-08-30,0.2869019208024844,797.6046605501026,0.005627968032893636,0.13381281381845472
2027-09-17,1.0493150684931507,C,1030.0,1.43,1.46,1.4449999999999998,0.030000000000000027,6.0,1319,0.14887325744628904,2026-08-28 15:34:05+00:00,769.3499755859375,2026-08-30,0.2917681104536574,797.6046605501026,0.005627968032893636,0.1339355748295784
2027-09-17,1.0493150684931507,C,1035.0,1.31,1.34,1.3250000000000002,0.030000000000000027,4.0,292,0.1487511883544922,2026-08-28 15:39:03+00:00,769.3499755859375,2026-08-30,0.29661073492944534,797.6046605501026,0.005627968032893636,0.1339820571541786
2027-09-17,1.0493150684931507,C,1040.0,1.21,1.23,1.22,0.020000000000000018,4.0,630,0.14862911926269531,2026-08-28 15:38:53+00:00,769.3499755859375,2026-08-30,0.3014300213653943,797.6046605501026,0.005627968032893636,0.1341304430365562
2027-09-17,1.0493150684931507,C,1045.0,1.11,1.14,1.125,0.029999999999999805,4.0,515,0.1487511883544922,2026-08-28 15:34:00+00:00,769.3499755859375,2026-08-30,0.3062261936288873,797.6046605501026,0.005627968032893636,0.13431696826219558
2027-09-17,1.0493150684931507,C,1050.0,1.03,1.05,1.04,0.020000000000000018,2.0,587,0.1487511883544922,2026-08-28 18:48:51+00:00,769.3499755859375,2026-08-30,0.3109994723815451,797.6046605501026,0.005627968032893636,0.134560106575489
2027-09-17,1.0493150684931507,C,1055.0,0.95,0.97,0.96,0.020000000000000018,2.0,890,0.14881222290039062,2026-08-26 19:31:55+00:00,769.3499755859375,2026-08-30,0.3157500751401428,797.6046605501026,0.005627968032893636,0.1347734485268593
2027-09-17,1.0493150684931507,C,1060.0,0.88,0.9,0.89,0.020000000000000018,2.0,885,0.14899532653808595,2026-08-13 17:35:53+00:00,769.3499755859375,2026-08-30,0.3204782163360887,797.6046605501026,0.005627968032893636,0.13507796734571453
2027-09-17,1.0493150684931507,C,1065.0,0.82,0.84,0.83,0.020000000000000018,1.0,204,0.14930049926757813,2026-08-26 16:21:11+00:00,769.3499755859375,2026-08-30,0.32518410737350145,797.6046605501026,0.005627968032893636,0.13549988383054729
2027-09-17,1.0493150684931507,C,1070.0,0.76,0.78,0.77,0.020000000000000018,2.0,900,0.14948360290527346,2026-08-05 14:59:54+00:00,769.3499755859375,2026-08-30,0.3298679566859277,797.6046605501026,0.005627968032893636,0.13581274563074108
2027-09-17,1.0493150684931507,C,1075.0,0.71,0.73,0.72,0.020000000000000018,2.0,24,0.14984981018066407,2026-08-04 17:42:18+00:00,769.3499755859375,2026-08-30,0.33452996979173916,797.6046605501026,0.005627968032893636,0.13627816480398175
2027-09-17,1.0493150684931507,C,1080.0,0.66,0.68,0.67,0.020000000000000018,14.0,211,0.15009394836425782,2026-08-28 15:05:30+00:00,769.3499755859375,2026-08-30,0.33917034934824125,797.6046605501026,0.005627968032893636,0.1366434682011604
2027-09-17,1.0493150684931507,C,1085.0,0.62,0.64,0.63,0.020000000000000018,1.0,45,0.15058222473144534,2026-08-14 14:44:16+00:00,769.3499755859375,2026-08-30,0.34378929520453594,797.6046605501026,0.005627968032893636,0.13720244795083997
2027-09-17,1.0493150684931507,C,1090.0,0.58,0.6,0.59,0.020000000000000018,677.0,2566,0.150948432006836,2026-08-28 15:05:46+00:00,769.3499755859375,2026-08-30,0.3483870044531653,797.6046605501026,0.005627968032893636,0.13767740195989608
2027-09-17,1.0493150684931507,C,1100.0,0.51,0.53,0.52,0.020000000000000018,1.0,983,0.15180291564941406,2026-08-28 18:53:58+00:00,769.3499755859375,2026-08-30,0.35751948801643785,797.6046605501026,0.005627968032893636,0.1386952456831932
2027-09-17,1.0493150684931507,C,1110.0,0.46,0.48,0.47,0.019999999999999962,8.0,4952,0.1530846411132813,2026-08-28 19:00:03+00:00,769.3499755859375,2026-08-30,0.3665693235363558,797.6046605501026,0.005627968032893636,0.1401361977458
2027-09-17,1.0493150684931507,C,1120.0,0.41,0.43,0.42,0.020000000000000018,1.0,389,0.15418326293945314,2026-08-26 17:46:06+00:00,769.3499755859375,2026-08-30,0.3755379935191162,797.6046605501026,0.005627968032893636,0.1413286481499672
2027-09-17,1.0493150684931507,C,1130.0,0.37,0.39,0.38,0.020000000000000018,1.0,16,0.1554039538574219,2026-08-14 20:00:22+00:00,769.3499755859375,2026-08-30,0.38442694093636226,797.6046605501026,0.005627968032893636,0.14270047265291214
2027-09-17,1.0493150684931507,C,1140.0,0.33,0.35,0.33999999999999997,0.019999999999999962,1.0,159,0.1563805065917969,2026-08-28 18:47:00+00:00,769.3499755859375,2026-08-30,0.393237570618517,797.6046605501026,0.005627968032893636,0.14383809775114054
2027-09-17,1.0493150684931507,C,1150.0,0.3,0.32,0.31,0.020000000000000018,1.0,725,0.1577232666015625,2026-08-28 13:57:32+00:00,769.3499755859375,2026-08-30,0.4019712505872716,797.6046605501026,0.005627968032893636,0.14526117199659339
2027-09-17,1.0493150684931507,C,1160.0,0.28,0.3,0.29000000000000004,0.019999999999999962,3.0,202,0.1595543029785156,2026-08-03 13:31:48+00:00,769.3499755859375,2026-08-30,0.4106293133303862,797.6046605501026,0.005627968032893636,0.14707696229219436
2027-09-17,1.0493150684931507,C,1170.0,0.25,0.27,0.26,0.020000000000000018,1.0,4,0.16040878662109376,2026-08-20 13:40:46+00:00,769.3499755859375,2026-08-30,0.41921305702177775,797.6046605501026,0.005627968032893636,0.14813175350427626
2027-09-17,1.0493150684931507,C,1180.0,0.23,0.25,0.24,0.01999999999999999,3.0,200,0.16187361572265624,2026-08-27 16:49:53+00:00,769.3499755859375,2026-08-30,0.4277237466896864,797.6046605501026,0.005627968032893636,0.14963706570863722
2027-09-17,1.0493150684931507,C,1190.0,0.21,0.23,0.22,0.020000000000000018,,1,0.1632163757324219,2026-07-29 14:48:38+00:00,769.3499755859375,2026-08-30,0.436162615335551,797.6046605501026,0.005627968032893636,0.1509880327582359
2027-09-17,1.0493150684931507,C,1200.0,0.2,0.22,0.21000000000000002,0.01999999999999999,3.0,42,0.1651694812011719,2026-08-28 15:35:24+00:00,769.3499755859375,2026-08-30,0.44453086500606764,797.6046605501026,0.005627968032893636,0.1529629356265068
2027-09-17,1.0493150684931507,C,1210.0,0.18,0.2,0.19,0.020000000000000018,1.0,81,0.16614603393554692,2026-08-17 13:40:47+00:00,769.3499755859375,2026-08-30,0.4528296678207628,797.6046605501026,0.005627968032893636,0.1540230901837349
2027-09-17,1.0493150684931507,C,1220.0,0.17,0.19,0.18,0.01999999999999999,3.0,5,0.16785500122070315,2026-08-17 16:17:11+00:00,769.3499755859375,2026-08-30,0.46106016695727814,797.6046605501026,0.005627968032893636,0.155794185936451
2027-09-17,1.0493150684931507,C,1230.0,0.15,0.17,0.16,0.020000000000000018,1.0,98,0.16846534667968754,2026-06-26 13:30:02+00:00,769.3499755859375,2026-08-30,0.46922347759643906,797.6046605501026,0.005627968032893636,0.15650512713193893
2027-09-17,1.0493150684931507,C,1240.0,0.14,0.16,0.15000000000000002,0.01999999999999999,1.0,4,0.1700522448730469,2026-08-27 18:09:12+00:00,769.3499755859375,2026-08-30,0.47732068782905845,797.6046605501026,0.005627968032893636,0.15803606420755384
2027-09-17,1.0493150684931507,C,1250.0,0.13,0.15,0.14,0.01999999999999999,1.0,3,0.1713950048828125,2026-08-21 16:20:31+00:00,769.3499755859375,2026-08-30,0.48535285952632273,797.6046605501026,0.005627968032893636,0.15946152216196058
2027-09-17,1.0493150684931507,C,1270.0,0.11,0.13,0.12,0.020000000000000004,5.0,26,0.17408052490234377,2026-07-16 19:53:44+00:00,769.3499755859375,2026-08-30,0.5012262086826129,797.6046605501026,0.005627968032893636,0.16196262878179546
2027-09-17,1.0493150684931507,C,1280.0,0.1,0.12,0.11,0.01999999999999999,7.0,22,0.17505707763671874,2026-08-26 14:05:06+00:00,769.3499755859375,2026-08-30,0.5090693861436388,797.6046605501026,0.005627968032893636,0.16301563221216203
2027-09-17,1.0493150684931507,C,1300.0,0.09,0.11,0.1,0.020000000000000004,1.0,298,0.1782308740234375,2026-08-25 19:59:01+00:00,769.3499755859375,2026-08-30,0.524573572679604,797.6046605501026,0.005627968032893636,0.1662443659901619
2027-09-17,1.0493150684931507,C,1310.0,0.08,0.1,0.09,0.020000000000000004,2.0,44,0.17896328857421873,2026-08-18 19:18:59+00:00,769.3499755859375,2026-08-30,0.5322364454251731,797.6046605501026,0.005627968032893636,0.16693087416887287
2027-09-17,1.0493150684931507,C,1330.0,0.07,0.09,0.08,0.01999999999999999,1.0,1,0.18164880859375,2026-08-06 17:38:12+00:00,769.3499755859375,2026-08-30,0.5473882504457753,797.6046605501026,0.005627968032893636,0.16964234310388565
2027-09-17,1.0493150684931507,C,1420.0,0.04,0.05,0.045,0.010000000000000002,,4,0.1914143359375,2026-07-24 14:47:48+00:00,769.3499755859375,2026-08-30,0.6128661798252824,797.6046605501026,0.005627968032893636,0.17993043094873434
2027-09-17,1.0493150684931507,P,420.0,3.31,3.34,3.325,0.029999999999999805,1.0,197,0.34113207702636716,2026-08-20 19:48:16+00:00,769.3499755859375,2026-08-30,-0.6052912594926101,797.6046605501026,0.005627968032893636,0.35935637539625176
2027-09-17,1.0493150684931507,P,425.0,3.42,3.45,3.435,0.03000000000000025,3.0,171,0.33743948699951176,2026-08-20 14:16:53+00:00,769.3499755859375,2026-08-30,-0.5934568018456072,797.6046605501026,0.005627968032893636,0.35574446040391916
2027-09-17,1.0493150684931507,P,430.0,3.54,3.57,3.5549999999999997,0.029999999999999805,6.0,218,0.33386896606445315,2026-08-28 18:07:09+00:00,769.3499755859375,2026-08-30,-0.581760762082416,797.6046605501026,0.005627968032893636,0.35229165798425677
2027-09-17,1.0493150684931507,P,435.0,3.67,3.7,3.685,0.03000000000000025,1.0,72,0.33045103149414057,2026-08-28 17:00:16+00:00,769.3499755859375,2026-08-30,-0.57019993968134,797.6046605501026,0.005627968032893636,0.3489836658835411
2027-09-17,1.0493150684931507,P,440.0,3.79,3.82,3.8049999999999997,0.029999999999999805,1.0,224,0.3267889587402344,2026-08-27 19:50:41+00:00,769.3499755859375,2026-08-30,-0.5587712438577171,797.6046605501026,0.005627968032893636,0.3454462417960167
2027-09-17,1.0493150684931507,P,445.0,3.93,3.96,3.9450000000000003,0.029999999999999805,60.0,45,0.32343205871582026,2026-07-29 15:50:16+00:00,769.3499755859375,2026-08-30,-0.5474716886037838,797.6046605501026,0.005627968032893636,0.34222227543592454
2027-09-17,1.0493150684931507,P,450.0,4.06,4.1,4.08,0.040000000000000036,10.0,191,0.320044641418457,2026-08-28 18:04:34+00:00,769.3499755859375,2026-08-30,-0.5362983880056585,797.6046605501026,0.005627968032893636,0.338861841738224
2027-09-17,1.0493150684931507,P,455.0,4.21,4.24,4.225,0.03000000000000025,1.0,226,0.3165961895751953,2026-08-25 15:33:31+00:00,769.3499755859375,2026-08-30,-0.5252485518190737,797.6046605501026,0.005627968032893636,0.33562118941545493
2027-09-17,1.0493150684931507,P,460.0,4.35,4.39,4.369999999999999,0.040000000000000036,5.0,1400,0.3132698068237304,2026-08-20 19:06:26+00:00,769.3499755859375,2026-08-30,-0.5143194812868834,797.6046605501026,0.005627968032893636,0.33233047920465475
2027-09-17,1.0493150684931507,P,465.0,4.51,4.54,4.525,0.03000000000000025,1.0,49,0.30988238952636715,2026-08-27 16:55:22+00:00,769.3499755859375,2026-08-30,-0.5035085651826677,797.6046605501026,0.005627968032893636,0.3291470358967781
2027-09-17,1.0493150684931507,P,470.0,4.66,4.7,4.68,0.040000000000000036,50.0,443,0.3065865240478516,2026-08-28 16:52:56+00:00,769.3499755859375,2026-08-30,-0.4928132760659198,797.6046605501026,0.005627968032893636,0.3259111509919167
2027-09-17,1.0493150684931507,P,475.0,4.83,4.87,4.85,0.040000000000000036,1.0,47,0.3033822103881836,2026-08-28 14:35:43+00:00,769.3499755859375,2026-08-30,-0.48223116673538285,797.6046605501026,0.005627968032893636,0.32284272164106365
2027-09-17,1.0493150684931507,P,480.0,5.0,5.04,5.02,0.040000000000000036,40.0,150,0.30011686218261713,2026-08-28 14:54:14+00:00,769.3499755859375,2026-08-30,-0.4717598668680874,797.6046605501026,0.005627968032893636,0.3197170832753181
2027-09-17,1.0493150684931507,P,485.0,5.18,5.22,5.199999999999999,0.040000000000000036,1.0,86,0.2969125485229491,2026-08-28 15:10:09+00:00,769.3499755859375,2026-08-30,-0.4613970798325408,797.6046605501026,0.005627968032893636,0.31667249101400363
2027-09-17,1.0493150684931507,P,490.0,5.36,5.4,5.380000000000001,0.040000000000000036,2.0,100,0.293677717590332,2026-08-21 16:17:21+00:00,769.3499755859375,2026-08-30,-0.4511405796653517,797.6046605501026,0.005627968032893636,0.31357009381055834
2027-09-17,1.0493150684931507,P,495.0,5.55,5.6,5.574999999999999,0.04999999999999982,4.0,203,0.29062599029541014,2026-08-28 16:56:08+00:00,769.3499755859375,2026-08-30,-0.44098820820133383,797.6046605501026,0.005627968032893636,0.3106035680174828
2027-09-17,1.0493150684931507,P,500.0,5.75,5.8,5.775,0.04999999999999982,17.0,532,0.28749796981811515,2026-08-28 16:36:51+00:00,769.3499755859375,2026-08-30,-0.4309378723478324,797.6046605501026,0.005627968032893636,0.3076364462971688
2027-09-17,1.0493150684931507,P,505.0,5.96,6.01,5.984999999999999,0.04999999999999982,57.0,63,0.28443098388671867,2026-08-28 15:34:09+00:00,769.3499755859375,2026-08-30,-0.4209875414946643,797.6046605501026,0.005627968032893636,0.30472712951898573
2027-09-17,1.0493150684931507,P,510.0,6.18,6.23,6.205,0.05000000000000071,1.0,69,0.2814097738647461,2026-08-28 15:34:04+00:00,769.3499755859375,2026-08-30,-0.4111352450516526,797.6046605501026,0.005627968032893636,0.3018690624833106
2027-09-17,1.0493150684931507,P,515.0,6.41,6.45,6.43,0.040000000000000036,83.0,233,0.278327529296875,2026-08-28 19:27:20+00:00,769.3499755859375,2026-08-30,-0.40137907010628787,797.6046605501026,0.005627968032893636,0.29899967283010476
2027-09-17,1.0493150684931507,P,520.0,6.64,6.69,6.665,0.05000000000000071,4.0,316,0.2753673538208008,2026-08-28 18:34:29+00:00,769.3499755859375,2026-08-30,-0.39171715919455097,797.6046605501026,0.005627968032893636,0.2961719980835914
2027-09-17,1.0493150684931507,P,525.0,6.89,6.94,6.915,0.05000000000000071,1.0,199,0.27246821289062495,2026-08-28 15:34:00+00:00,769.3499755859375,2026-08-30,-0.38214770817840027,797.6046605501026,0.005627968032893636,0.2934331164956092
2027-09-17,1.0493150684931507,P,530.0,7.14,7.19,7.165,0.05000000000000071,1.0,309,0.26947752014160153,2026-08-28 15:34:02+00:00,769.3499755859375,2026-08-30,-0.37266896422385665,797.6046605501026,0.005627968032893636,0.290620935857296
2027-09-17,1.0493150684931507,P,535.0,7.41,7.46,7.4350000000000005,0.04999999999999982,1.0,1630,0.266608896484375,2026-08-28 15:34:03+00:00,769.3499755859375,2026-08-30,-0.36327922387401756,797.6046605501026,0.005627968032893636,0.28793747550249094
2027-09-17,1.0493150684931507,P,540.0,7.69,7.72,7.705,0.02999999999999936,4.0,1128,0.26355716918945316,2026-08-28 19:36:44+00:00,769.3499755859375,2026-08-30,-0.35397683121170403,797.6046605501026,0.005627968032893636,0.28517714053392407
2027-09-17,1.0493150684931507,P,545.0,7.97,8.03,8.0,0.05999999999999961,6.0,307,0.2609021664428711,2026-08-28 18:38:07+00:00,769.3499755859375,2026-08-30,-0.34476017610678,797.6046605501026,0.005627968032893636,0.28257710999250407
2027-09-17,1.0493150684931507,P,550.0,8.27,8.33,8.3,0.0600000000000005,4.0,1141,0.2580640600585938,2026-08-28 15:34:03+00:00,769.3499755859375,2026-08-30,-0.33562769254350744,797.6046605501026,0.005627968032893636,0.2799401319622993
2027-09-17,1.0493150684931507,P,555.0,8.59,8.64,8.615,0.05000000000000071,1.0,3464,0.25522595367431644,2026-08-28 15:34:00+00:00,769.3499755859375,2026-08-30,-0.32657785702358955,797.6046605501026,0.005627968032893636,0.2773555955290794
2027-09-17,1.0493150684931507,P,560.0,8.91,8.97,8.940000000000001,0.0600000000000005,6.0,384,0.2524641404724121,2026-08-28 17:39:31+00:00,769.3499755859375,2026-08-30,-0.31760918704082913,797.6046605501026,0.005627968032893636,0.27477284687757486
2027-09-17,1.0493150684931507,P,565.0,9.25,9.31,9.280000000000001,0.0600000000000005,4.0,428,0.24970232727050778,2026-08-28 15:34:03+00:00,769.3499755859375,2026-08-30,-0.3087202396235831,797.6046605501026,0.005627968032893636,0.27223121720552435
2027-09-17,1.0493150684931507,P,570.0,9.6,9.66,9.629999999999999,0.0600000000000005,2.0,415,0.2469405140686035,2026-08-28 15:34:05+00:00,769.3499755859375,2026-08-30,-0.2999096099414283,797.6046605501026,0.005627968032893636,0.26968362826108927
2027-09-17,1.0493150684931507,P,575.0,9.96,10.02,9.99,0.05999999999999872,18.0,985,0.24414818359375,2026-08-28 19:48:00+00:00,769.3499755859375,2026-08-30,-0.29117592997267366,797.6046605501026,0.005627968032893636,0.2671288881897925
2027-09-17,1.0493150684931507,P,580.0,10.34,10.4,10.370000000000001,0.0600000000000005,1.0,913,0.2414168876647949,2026-08-28 15:34:02+00:00,769.3499755859375,2026-08-30,-0.28251786722955907,797.6046605501026,0.005627968032893636,0.26463970011472704
2027-09-17,1.0493150684931507,P,585.0,10.73,10.8,10.765,0.07000000000000028,10.0,607,0.23874662628173826,2026-08-28 17:17:17+00:00,769.3499755859375,2026-08-30,-0.2739341235381676,797.6046605501026,0.005627968032893636,0.2621713694930077
2027-09-17,1.0493150684931507,P,590.0,11.14,11.21,11.175,0.07000000000000028,2.0,946,0.23603058898925777,2026-08-28 15:34:01+00:00,769.3499755859375,2026-08-30,-0.2654234338702589,797.6046605501026,0.005627968032893636,0.25971853297948844
2027-09-17,1.0493150684931507,P,595.0,11.57,11.64,11.605,0.07000000000000028,1.0,574,0.23336795692443849,2026-08-28 15:34:01+00:00,769.3499755859375,2026-08-30,-0.2569845652243943,797.6046605501026,0.005627968032893636,0.2573127747178078
2027-09-17,1.0493150684931507,P,600.0,12.01,12.08,12.045,0.07000000000000028,35.0,3340,0.2306595489501953,2026-08-28 19:49:31+00:00,769.3499755859375,2026-08-30,-0.24861631555387764,797.6046605501026,0.005627968032893636,0.2548784119486809
2027-09-17,1.0493150684931507,P,605.0,12.47,12.54,12.504999999999999,0.06999999999999851,19.0,1086,0.22798928756713865,2026-08-28 19:51:16+00:00,769.3499755859375,2026-08-30,-0.24031751273918253,797.6046605501026,0.005627968032893636,0.25248040074110034
2027-09-17,1.0493150684931507,P,610.0,12.95,13.03,12.989999999999998,0.08000000000000007,8.0,514,0.22539531936645507,2026-08-28 17:15:47+00:00,769.3499755859375,2026-08-30,-0.2320870136026672,797.6046605501026,0.005627968032893636,0.2501449618935585
2027-09-17,1.0493150684931507,P,615.0,13.45,13.52,13.485,0.07000000000000028,42.0,583,0.2226945407104492,2026-08-28 19:49:14+00:00,769.3499755859375,2026-08-30,-0.22392370296350625,797.6046605501026,0.005627968032893636,0.24777078777551648
2027-09-17,1.0493150684931507,P,620.0,13.97,14.04,14.004999999999999,0.06999999999999851,3.0,1120,0.2200700552368164,2026-08-28 15:34:03+00:00,769.3499755859375,2026-08-30,-0.21582649273088686,797.6046605501026,0.005627968032893636,0.24544726747274398
2027-09-17,1.0493150684931507,P,625.0,14.5,14.58,14.54,0.08000000000000007,1.0,785,0.21743794044494627,2026-08-28 15:34:01+00:00,769.3499755859375,2026-08-30,-0.20779432103362258,797.6046605501026,0.005627968032893636,0.2431088489890098
2027-09-17,1.0493150684931507,P,630.0,15.06,15.14,15.100000000000001,0.08000000000000007,21.0,419,0.21481345497131346,2026-08-28 19:30:25+00:00,769.3499755859375,2026-08-30,-0.19982615138444568,797.6046605501026,0.005627968032893636,0.24081035763025282
2027-09-17,1.0493150684931507,P,635.0,15.65,15.73,15.690000000000001,0.08000000000000007,21.0,218,0.21222711608886718,2026-08-28 19:30:25+00:00,769.3499755859375,2026-08-30,-0.1919209718773324,797.6046605501026,0.005627968032893636,0.2385726508498192
2027-09-17,1.0493150684931507,P,640.0,16.25,16.33,16.29,0.0799999999999983,2.0,265,0.20958737197875976,2026-08-28 16:27:59+00:00,769.3499755859375,2026-08-30,-0.18407779441630648,797.6046605501026,0.005627968032893636,0.23627833098173145
2027-09-17,1.0493150684931507,P,645.0,16.88,16.96,16.92,0.08000000000000185,18.0,258,0.2069781451416015,2026-08-28 15:34:03+00:00,769.3499755859375,2026-08-30,-0.1762956539742515,797.6046605501026,0.005627968032893636,0.23403466492891312
2027-09-17,1.0493150684931507,P,650.0,17.53,17.62,17.575000000000003,0.08999999999999986,21.0,1180,0.20439943557739254,2026-08-28 15:56:12+00:00,769.3499755859375,2026-08-30,-0.16857360788034131,797.6046605501026,0.005627968032893636,0.2318076848387718
2027-09-17,1.0493150684931507,P,655.0,18.21,18.3,18.255000000000003,0.08999999999999986,1.0,255,0.20179020874023437,2026-08-28 15:34:03+00:00,769.3499755859375,2026-08-30,-0.1609107351347722,797.6046605501026,0.005627968032893636,0.22959262329339986
2027-09-17,1.0493150684931507,P,660.0,18.91,19.01,18.96,0.10000000000000142,45.0,5184,0.19919624053955076,2026-08-28 19:10:14+00:00,769.3499755859375,2026-08-30,-0.15330613574955285,797.6046605501026,0.005627968032893636,0.22738411694765093
2027-09-17,1.0493150684931507,P,665.0,19.65,19.74,19.695,0.08999999999999986,1.0,145,0.19656412574768065,2026-08-28 15:34:00+00:00,769.3499755859375,2026-08-30,-0.14575893011416993,797.6046605501026,0.005627968032893636,0.2252024273276329
2027-09-17,1.0493150684931507,P,670.0,20.41,20.5,20.455,0.08999999999999986,4.0,615,0.1939396402740479,2026-08-28 18:47:54+00:00,769.3499755859375,2026-08-30,-0.1382682583850123,797.6046605501026,0.005627968032893636,0.2230171621441841
2027-09-17,1.0493150684931507,P,675.0,21.2,21.3,21.25,0.10000000000000142,12.0,3385,0.19135330139160156,2026-08-28 15:34:00+00:00,769.3499755859375,2026-08-30,-0.13083327989749421,797.6046605501026,0.005627968032893636,0.2208706322312355
2027-09-17,1.0493150684931507,P,680.0,22.02,22.12,22.07,0.10000000000000142,3.0,340,0.18872118659973144,2026-08-28 15:34:02+00:00,769.3499755859375,2026-08-30,-0.12345317259987164,797.6046605501026,0.005627968032893636,0.21871099191904064
2027-09-17,1.0493150684931507,P,685.0,22.87,22.98,22.925,0.10999999999999943,2.0,1076,0.18610433044433594,2026-08-28 15:34:04+00:00,769.3499755859375,2026-08-30,-0.11612713250779871,797.6046605501026,0.005627968032893636,0.2165781683325767
2027-09-17,1.0493150684931507,P,690.0,23.76,23.87,23.815,0.10999999999999943,4.0,1281,0.1834722156524658,2026-08-28 15:34:03+00:00,769.3499755859375,2026-08-30,-0.10885437317871904,797.6046605501026,0.005627968032893636,0.214467394053936
2027-09-17,1.0493150684931507,P,695.0,24.68,24.79,24.735,0.10999999999999943,4.0,618,0.18080958358764648,2026-08-28 15:34:03+00:00,769.3499755859375,2026-08-30,-0.10163412520523196,797.6046605501026,0.005627968032893636,0.21235006457567218
2027-09-17,1.0493150684931507,P,700.0,25.64,25.75,25.695,0.10999999999999943,23.0,2555,0.17815458084106445,2026-08-28 19:52:09+00:00,769.3499755859375,2026-08-30,-0.09446563572661941,797.6046605501026,0.005627968032893636,0.21026431924104688
2027-09-17,1.0493150684931507,P,705.0,26.63,26.75,26.689999999999998,0.120000000000001,5.0,640,0.1754995780944824,2026-08-28 19:05:21+00:00,769.3499755859375,2026-08-30,-0.08734816795775542,797.6046605501026,0.005627968032893636,0.20818334132432936
2027-09-17,1.0493150684931507,P,710.0,27.67,27.79,27.73,0.11999999999999744,189.0,1319,0.17282931671142582,2026-08-28 20:00:44+00:00,769.3499755859375,2026-08-30,-0.08028100073466295,797.6046605501026,0.005627968032893636,0.20614109867811198
2027-09-17,1.0493150684931507,P,715.0,28.74,28.87,28.805,0.13000000000000256,123.0,1262,0.17013616737365725,2026-08-28 20:00:44+00:00,769.3499755859375,2026-08-30,-0.07326342807601638,797.6046605501026,0.005627968032893636,0.20409230083227153
2027-09-17,1.0493150684931507,P,720.0,29.86,30.0,29.93,0.14000000000000057,8.0,430,0.1674582766723633,2026-08-28 19:23:49+00:00,769.3499755859375,2026-08-30,-0.06629475875992302,797.6046605501026,0.005627968032893636,0.20208998531103128
2027-09-17,1.0493150684931507,P,725.0,31.03,31.16,31.095,0.129999999999999,4.0,4587,0.16471172210693358,2026-08-28 16:01:35+00:00,769.3499755859375,2026-08-30,-0.05937431591534923,797.6046605501026,0.005627968032893636,0.2000882657170296
2027-09-17,1.0493150684931507,P,730.0,32.24,32.38,32.31,0.14000000000000057,78.0,842,0.1619880554962158,2026-08-28 19:36:44+00:00,769.3499755859375,2026-08-30,-0.0525014366275873,797.6046605501026,0.005627968032893636,0.19812051397562025
2027-09-17,1.0493150684931507,P,735.0,33.5,33.64,33.57,0.14000000000000057,3.0,1419,0.1592186129760742,2026-08-28 15:34:04+00:00,769.3499755859375,2026-08-30,-0.045675471557187416,797.6046605501026,0.005627968032893636,0.19616110521554947
2027-09-17,1.0493150684931507,P,740.0,34.81,34.96,34.885000000000005,0.14999999999999858,5.0,627,0.15644917045593262,2026-08-28 19:40:44+00:00,769.3499755859375,2026-08-30,-0.038895784571808645,797.6046605501026,0.005627968032893636,0.19424043172597882
2027-09-17,1.0493150684931507,P,745.0,36.17,36.33,36.25,0.1599999999999966,16.0,240,0.15364921066284182,2026-08-28 18:18:39+00:00,769.3499755859375,2026-08-30,-0.03216175239046455,797.6046605501026,0.005627968032893636,0.19233406049013135
2027-09-17,1.0493150684931507,P,750.0,37.59,37.76,37.675,0.1699999999999946,15.0,480,0.15083017757415773,2026-08-28 19:00:20+00:00,769.3499755859375,2026-08-30,-0.025472764239667926,797.6046605501026,0.005627968032893636,0.19047178786993024
2027-09-17,1.0493150684931507,P,755.0,39.08,39.26,39.17,0.17999999999999972,62.0,188,0.14801877380371098,2026-08-28 17:52:30+00:00,769.3499755859375,2026-08-30,-0.018828221520999333,797.6046605501026,0.005627968032893636,0.18868162244558334
2027-09-17,1.0493150684931507,P,760.0,40.64,40.81,40.725,0.1700000000000017,11.0,327,0.14513870616912844,2026-08-28 15:34:11+00:00,769.3499755859375,2026-08-30,-0.01222753748964726,797.6046605501026,0.005627968032893636,0.18692065745592118
2027-09-17,1.0493150684931507,P,765.0,42.26,42.45,42.355000000000004,0.19000000000000483,195.0,794,0.1423044144439697,2026-08-28 19:40:22+00:00,769.3499755859375,2026-08-30,-0.005670136943488171,797.6046605501026,0.005627968032893636,0.1852347792983055
